#
# There is insufficient memory for the Java Runtime Environment to continue.
# Native memory allocation (mmap) failed to map 1281359872 bytes for G1 virtual space
# Possible reasons:
#   The system is out of physical RAM or swap space
#   The process is running with CompressedOops enabled, and the Java Heap may be blocking the growth of the native heap
# Possible solutions:
#   Reduce memory load on the system
#   Increase physical memory or swap space
#   Check if swap backing store is full
#   Decrease Java heap size (-Xmx/-Xms)
#   Decrease number of Java threads
#   Decrease Java thread stack sizes (-Xss)
#   Set larger code cache with -XX:ReservedCodeCacheSize=
#   JVM is running with Zero Based Compressed Oops mode in which the Java heap is
#     placed in the first 32GB address space. The Java Heap base address is the
#     maximum limit for the native heap growth. Please use -XX:HeapBaseMinAddress
#     to set the Java Heap base and to place the Java Heap above 32GB virtual address.
# This output file may be truncated or incomplete.
#
#  Out of Memory Error (os_windows.cpp:3604), pid=9000, tid=5380
#
# JRE version: Java(TM) SE Runtime Environment (21.0.11+9) (build 21.0.11+9-LTS-211)
# Java VM: Java HotSpot(TM) 64-Bit Server VM (21.0.11+9-LTS-211, mixed mode, sharing, tiered, compressed oops, compressed class ptrs, g1 gc, windows-amd64)
# No core dump will be written. Minidumps are not enabled by default on client versions of Windows
#

---------------  S U M M A R Y ------------

Command Line: --add-opens=java.base/java.lang=ALL-UNNAMED --add-opens=java.base/java.lang.invoke=ALL-UNNAMED --add-opens=java.base/java.util=ALL-UNNAMED --add-opens=java.prefs/java.util.prefs=ALL-UNNAMED --add-exports=jdk.compiler/com.sun.tools.javac.api=ALL-UNNAMED --add-exports=jdk.compiler/com.sun.tools.javac.util=ALL-UNNAMED --add-opens=java.base/java.util=ALL-UNNAMED --add-opens=java.prefs/java.util.prefs=ALL-UNNAMED --add-opens=java.base/java.nio.charset=ALL-UNNAMED --add-opens=java.base/java.net=ALL-UNNAMED --add-opens=java.base/java.util.concurrent.atomic=ALL-UNNAMED --add-opens=java.xml/javax.xml.namespace=ALL-UNNAMED -XX:+UseG1GC -Xmx4G -Dfile.encoding=UTF-8 -Duser.country=US -Duser.language=en -Duser.variant -javaagent:C:\Users\Administrator\.gradle\wrapper\dists\gradle-8.14.4-bin\92wwslzcyst3phie3o264zltu\gradle-8.14.4\lib\agents\gradle-instrumentation-agent-8.14.4.jar org.gradle.launcher.daemon.bootstrap.GradleDaemon 8.14.4

Host: Common KVM processor, 4 cores, 3G,  Windows 10 , 64 bit Build 19041 (10.0.19041.5915)
Time: Fri Aug 21 18:58:34 2026 SE Asia Standard Time elapsed time: 38.207633 seconds (0d 0h 0m 38s)

---------------  T H R E A D  ---------------

Current thread (0x00000225f212b230):  VMThread "VM Thread"          [id=5380, stack(0x0000005c02600000,0x0000005c02700000) (1024K)]

Stack: [0x0000005c02600000,0x0000005c02700000]
Native frames: (J=compiled Java code, j=interpreted, Vv=VM code, C=native code)
V  [jvm.dll+0x6d0ef9]
V  [jvm.dll+0x860126]
V  [jvm.dll+0x86261e]
V  [jvm.dll+0x862cf3]
V  [jvm.dll+0x282bc6]
V  [jvm.dll+0x6cd7a5]
V  [jvm.dll+0x6c232a]
V  [jvm.dll+0x35bfb8]
V  [jvm.dll+0x363c76]
V  [jvm.dll+0x3b4d8e]
V  [jvm.dll+0x3b5038]
V  [jvm.dll+0x32fa6c]
V  [jvm.dll+0x32fafa]
V  [jvm.dll+0x373fc2]
V  [jvm.dll+0x37274d]
V  [jvm.dll+0x32f1b1]
V  [jvm.dll+0x371daa]
V  [jvm.dll+0x8689ef]
V  [jvm.dll+0x869d7c]
V  [jvm.dll+0x86a2b1]
V  [jvm.dll+0x86a553]
V  [jvm.dll+0x80ac0d]
V  [jvm.dll+0x6cf79d]
C  [ucrtbase.dll+0x21bb2]
C  [KERNEL32.DLL+0x17374]
C  [ntdll.dll+0x4cc91]

VM_Operation (0x0000005c03bf7930): G1CollectForAllocation, mode: safepoint, requested by thread 0x00000225f7f20b10


---------------  P R O C E S S  ---------------

Threads class SMR info:
_java_thread_list=0x00000225fb7c67a0, length=59, elements={
0x0000022590573480, 0x00000225f21428f0, 0x00000225f2143450, 0x00000225f2146e00,
0x00000225f2147860, 0x00000225f2148ce0, 0x00000225f214d980, 0x00000225f21510e0,
0x00000225f2155bd0, 0x00000225f241f880, 0x00000225f23f19b0, 0x00000225f7dc5510,
0x00000225f7fa72c0, 0x00000225f80cec90, 0x00000225f7e30b50, 0x00000225f7f87040,
0x00000225f7ef9f60, 0x00000225f7f20b10, 0x00000225f8011e00, 0x00000225f80110e0,
0x00000225f8012490, 0x00000225f8012b20, 0x00000225f80103c0, 0x00000225f80131b0,
0x00000225f8010a50, 0x00000225f8011770, 0x00000225fa098ee0, 0x00000225fa0953d0,
0x00000225fa093300, 0x00000225fa096780, 0x00000225fa0981c0, 0x00000225fa093990,
0x00000225fa095a60, 0x00000225fa09a920, 0x00000225fa0960f0, 0x00000225fa096e10,
0x00000225fa0946b0, 0x00000225fa094d40, 0x00000225fa0974a0, 0x00000225fa097b30,
0x00000225fa404670, 0x00000225fa4004d0, 0x00000225fa3ffe40, 0x00000225fa4025a0,
0x00000225fa4032c0, 0x00000225fa400b60, 0x00000225fa4011f0, 0x00000225fa402c30,
0x00000225fa403950, 0x00000225fa403fe0, 0x00000225fa404d00, 0x00000225fa405390,
0x00000225fa4060b0, 0x00000225fa3ff120, 0x00000225fa406740, 0x00000225faa37290,
0x00000225faa31d40, 0x00000225faa37fb0, 0x00000225f934bcf0
}

Java Threads: ( => current thread )
  0x0000022590573480 JavaThread "main"                              [_thread_blocked, id=6432, stack(0x0000005c01f00000,0x0000005c02000000) (1024K)]
  0x00000225f21428f0 JavaThread "Reference Handler"          daemon [_thread_blocked, id=2396, stack(0x0000005c02700000,0x0000005c02800000) (1024K)]
  0x00000225f2143450 JavaThread "Finalizer"                  daemon [_thread_blocked, id=1116, stack(0x0000005c02800000,0x0000005c02900000) (1024K)]
  0x00000225f2146e00 JavaThread "Signal Dispatcher"          daemon [_thread_blocked, id=8512, stack(0x0000005c02900000,0x0000005c02a00000) (1024K)]
  0x00000225f2147860 JavaThread "Attach Listener"            daemon [_thread_blocked, id=3468, stack(0x0000005c02a00000,0x0000005c02b00000) (1024K)]
  0x00000225f2148ce0 JavaThread "Service Thread"             daemon [_thread_blocked, id=4512, stack(0x0000005c02b00000,0x0000005c02c00000) (1024K)]
  0x00000225f214d980 JavaThread "Monitor Deflation Thread"   daemon [_thread_blocked, id=8344, stack(0x0000005c02c00000,0x0000005c02d00000) (1024K)]
  0x00000225f21510e0 JavaThread "C2 CompilerThread0"         daemon [_thread_blocked, id=5152, stack(0x0000005c02d00000,0x0000005c02e00000) (1024K)]
  0x00000225f2155bd0 JavaThread "C1 CompilerThread0"         daemon [_thread_blocked, id=10340, stack(0x0000005c02e00000,0x0000005c02f00000) (1024K)]
  0x00000225f241f880 JavaThread "Common-Cleaner"             daemon [_thread_blocked, id=7628, stack(0x0000005c02f00000,0x0000005c03000000) (1024K)]
  0x00000225f23f19b0 JavaThread "Notification Thread"        daemon [_thread_blocked, id=1524, stack(0x0000005c03100000,0x0000005c03200000) (1024K)]
  0x00000225f7dc5510 JavaThread "Daemon health stats"               [_thread_blocked, id=10508, stack(0x0000005c03600000,0x0000005c03700000) (1024K)]
  0x00000225f7fa72c0 JavaThread "Incoming local TCP Connector on port 52240"        [_thread_in_native, id=8620, stack(0x0000005c03700000,0x0000005c03800000) (1024K)]
  0x00000225f80cec90 JavaThread "Daemon periodic checks"            [_thread_blocked, id=3664, stack(0x0000005c03800000,0x0000005c03900000) (1024K)]
  0x00000225f7e30b50 JavaThread "Daemon"                            [_thread_blocked, id=3928, stack(0x0000005c03400000,0x0000005c03500000) (1024K)]
  0x00000225f7f87040 JavaThread "Handler for socket connection from /127.0.0.1:52240 to /127.0.0.1:52241"        [_thread_in_native, id=10776, stack(0x0000005c03900000,0x0000005c03a00000) (1024K)]
  0x00000225f7ef9f60 JavaThread "Cancel handler"                    [_thread_blocked, id=8472, stack(0x0000005c03a00000,0x0000005c03b00000) (1024K)]
  0x00000225f7f20b10 JavaThread "Daemon worker"                     [_thread_blocked, id=6888, stack(0x0000005c03b00000,0x0000005c03c00000) (1024K)]
  0x00000225f8011e00 JavaThread "Asynchronous log dispatcher for DefaultDaemonConnection: socket connection from /127.0.0.1:52240 to /127.0.0.1:52241"        [_thread_blocked, id=4396, stack(0x0000005c03c00000,0x0000005c03d00000) (1024K)]
  0x00000225f80110e0 JavaThread "Stdin handler"                     [_thread_blocked, id=6696, stack(0x0000005c03d00000,0x0000005c03e00000) (1024K)]
  0x00000225f8012490 JavaThread "Daemon client event forwarder"        [_thread_blocked, id=5228, stack(0x0000005c03e00000,0x0000005c03f00000) (1024K)]
  0x00000225f8012b20 JavaThread "Cache worker for journal cache (C:\Users\Administrator\.gradle\caches\journal-1)"        [_thread_blocked, id=11004, stack(0x0000005c03f00000,0x0000005c04000000) (1024K)]
  0x00000225f80103c0 JavaThread "File lock request listener"        [_thread_in_native, id=3752, stack(0x0000005c04000000,0x0000005c04100000) (1024K)]
  0x00000225f80131b0 JavaThread "Cache worker for file hash cache (C:\Users\Administrator\.gradle\caches\8.14.4\fileHashes)"        [_thread_blocked, id=4624, stack(0x0000005c04100000,0x0000005c04200000) (1024K)]
  0x00000225f8010a50 JavaThread "Cache worker for file hash cache (C:\Users\Administrator\Desktop\baritone-1.21.11\.gradle\8.14.4\fileHashes)"        [_thread_blocked, id=7604, stack(0x0000005c04300000,0x0000005c04400000) (1024K)]
  0x00000225f8011770 JavaThread "Cache worker for Build Output Cleanup Cache (C:\Users\Administrator\Desktop\baritone-1.21.11\.gradle\buildOutputCleanup)"        [_thread_blocked, id=2872, stack(0x0000005c04400000,0x0000005c04500000) (1024K)]
  0x00000225fa098ee0 JavaThread "Cache worker for Build Output Cleanup Cache (C:\Users\Administrator\Desktop\baritone-1.21.11\buildSrc\.gradle\buildOutputCleanup)"        [_thread_blocked, id=4592, stack(0x0000005c04500000,0x0000005c04600000) (1024K)]
  0x00000225fa0953d0 JavaThread "File watcher server"        daemon [_thread_blocked, id=6476, stack(0x0000005c04600000,0x0000005c04700000) (1024K)]
  0x00000225fa093300 JavaThread "File watcher consumer"      daemon [_thread_blocked, id=5292, stack(0x0000005c04700000,0x0000005c04800000) (1024K)]
  0x00000225fa096780 JavaThread "jar transforms"                    [_thread_blocked, id=11096, stack(0x0000005c04800000,0x0000005c04900000) (1024K)]
  0x00000225fa0981c0 JavaThread "Cache worker for checksums cache (C:\Users\Administrator\Desktop\baritone-1.21.11\.gradle\8.14.4\checksums)"        [_thread_blocked, id=10076, stack(0x0000005c04900000,0x0000005c04a00000) (1024K)]
  0x00000225fa093990 JavaThread "Cache worker for file content cache (C:\Users\Administrator\.gradle\caches\8.14.4\fileContent)"        [_thread_blocked, id=9788, stack(0x0000005c04a00000,0x0000005c04b00000) (1024K)]
  0x00000225fa095a60 JavaThread "Cache worker for cache directory md-supplier (C:\Users\Administrator\.gradle\caches\8.14.4\md-supplier)"        [_thread_blocked, id=5808, stack(0x0000005c04b00000,0x0000005c04c00000) (1024K)]
  0x00000225fa09a920 JavaThread "Cache worker for cache directory md-rule (C:\Users\Administrator\.gradle\caches\8.14.4\md-rule)"        [_thread_blocked, id=6436, stack(0x0000005c04c00000,0x0000005c04d00000) (1024K)]
  0x00000225fa0960f0 JavaThread "jar transforms Thread 2"           [_thread_blocked, id=9412, stack(0x0000005c04d00000,0x0000005c04e00000) (1024K)]
  0x00000225fa096e10 JavaThread "Memory manager"                    [_thread_blocked, id=9920, stack(0x0000005c04e00000,0x0000005c04f00000) (1024K)]
  0x00000225fa0946b0 JavaThread "jar transforms Thread 3"           [_thread_blocked, id=10048, stack(0x0000005c04f00000,0x0000005c05000000) (1024K)]
  0x00000225fa094d40 JavaThread "jar transforms Thread 4"           [_thread_blocked, id=4340, stack(0x0000005c05000000,0x0000005c05100000) (1024K)]
  0x00000225fa0974a0 JavaThread "included builds"                   [_thread_blocked, id=7284, stack(0x0000005c05100000,0x0000005c05200000) (1024K)]
  0x00000225fa097b30 JavaThread "Execution worker"                  [_thread_blocked, id=4612, stack(0x0000005c05200000,0x0000005c05300000) (1024K)]
  0x00000225fa404670 JavaThread "Execution worker Thread 2"         [_thread_blocked, id=10452, stack(0x0000005c05300000,0x0000005c05400000) (1024K)]
  0x00000225fa4004d0 JavaThread "Execution worker Thread 3"         [_thread_blocked, id=10404, stack(0x0000005c05400000,0x0000005c05500000) (1024K)]
  0x00000225fa3ffe40 JavaThread "Cache worker for execution history cache (C:\Users\Administrator\Desktop\baritone-1.21.11\buildSrc\.gradle\8.14.4\executionHistory)"        [_thread_blocked, id=10560, stack(0x0000005c05500000,0x0000005c05600000) (1024K)]
  0x00000225fa4025a0 JavaThread "Unconstrained build operations"        [_thread_blocked, id=6148, stack(0x0000005c05600000,0x0000005c05700000) (1024K)]
  0x00000225fa4032c0 JavaThread "Unconstrained build operations Thread 2"        [_thread_blocked, id=1796, stack(0x0000005c05700000,0x0000005c05800000) (1024K)]
  0x00000225fa400b60 JavaThread "Unconstrained build operations Thread 3"        [_thread_blocked, id=4572, stack(0x0000005c05800000,0x0000005c05900000) (1024K)]
  0x00000225fa4011f0 JavaThread "Unconstrained build operations Thread 4"        [_thread_blocked, id=8396, stack(0x0000005c05900000,0x0000005c05a00000) (1024K)]
  0x00000225fa402c30 JavaThread "Unconstrained build operations Thread 5"        [_thread_blocked, id=9616, stack(0x0000005c05a00000,0x0000005c05b00000) (1024K)]
  0x00000225fa403950 JavaThread "Unconstrained build operations Thread 6"        [_thread_blocked, id=8964, stack(0x0000005c05b00000,0x0000005c05c00000) (1024K)]
  0x00000225fa403fe0 JavaThread "Unconstrained build operations Thread 7"        [_thread_blocked, id=4876, stack(0x0000005c05c00000,0x0000005c05d00000) (1024K)]
  0x00000225fa404d00 JavaThread "Unconstrained build operations Thread 8"        [_thread_blocked, id=3504, stack(0x0000005c05d00000,0x0000005c05e00000) (1024K)]
  0x00000225fa405390 JavaThread "Unconstrained build operations Thread 9"        [_thread_blocked, id=7016, stack(0x0000005c05e00000,0x0000005c05f00000) (1024K)]
  0x00000225fa4060b0 JavaThread "Unconstrained build operations Thread 10"        [_thread_blocked, id=8764, stack(0x0000005c05f00000,0x0000005c06000000) (1024K)]
  0x00000225fa3ff120 JavaThread "Unconstrained build operations Thread 11"        [_thread_blocked, id=10236, stack(0x0000005c06000000,0x0000005c06100000) (1024K)]
  0x00000225fa406740 JavaThread "Unconstrained build operations Thread 12"        [_thread_blocked, id=5068, stack(0x0000005c06100000,0x0000005c06200000) (1024K)]
  0x00000225faa37290 JavaThread "Unconstrained build operations Thread 13"        [_thread_blocked, id=3104, stack(0x0000005c06300000,0x0000005c06400000) (1024K)]
  0x00000225faa31d40 JavaThread "Unconstrained build operations Thread 14"        [_thread_blocked, id=8868, stack(0x0000005c06400000,0x0000005c06500000) (1024K)]
  0x00000225faa37fb0 JavaThread "Unconstrained build operations Thread 15"        [_thread_blocked, id=9872, stack(0x0000005c06500000,0x0000005c06600000) (1024K)]
  0x00000225f934bcf0 JavaThread "C2 CompilerThread1"         daemon [_thread_blocked, id=5720, stack(0x0000005c04200000,0x0000005c04300000) (1024K)]
Total: 59

Other Threads:
=>0x00000225f212b230 VMThread "VM Thread"                           [id=5380, stack(0x0000005c02600000,0x0000005c02700000) (1024K)]
  0x00000225927c8680 WatcherThread "VM Periodic Task Thread"        [id=3296, stack(0x0000005c02500000,0x0000005c02600000) (1024K)]
  0x00000225927648f0 WorkerThread "GC Thread#0"                     [id=7128, stack(0x0000005c02000000,0x0000005c02100000) (1024K)]
  0x00000225f2468f40 WorkerThread "GC Thread#1"                     [id=1492, stack(0x0000005c03200000,0x0000005c03300000) (1024K)]
  0x00000225f252af50 WorkerThread "GC Thread#2"                     [id=11212, stack(0x0000005c03300000,0x0000005c03400000) (1024K)]
  0x00000225f25d1e10 WorkerThread "GC Thread#3"                     [id=8820, stack(0x0000005c03500000,0x0000005c03600000) (1024K)]
  0x0000022592775840 ConcurrentGCThread "G1 Main Marker"            [id=3440, stack(0x0000005c02100000,0x0000005c02200000) (1024K)]
  0x0000022592776100 WorkerThread "G1 Conc#0"                       [id=7716, stack(0x0000005c02200000,0x0000005c02300000) (1024K)]
  0x00000225927b9130 ConcurrentGCThread "G1 Refine#0"               [id=912, stack(0x0000005c02300000,0x0000005c02400000) (1024K)]
  0x00000225927baa70 ConcurrentGCThread "G1 Service"                [id=1988, stack(0x0000005c02400000,0x0000005c02500000) (1024K)]
Total: 10

Threads with active compile tasks:
C2 CompilerThread0    38252 11394       4       xyz.wagyourtail.unimined.mapping.tree.node._class.ClassNode::getMethods--WFsNak (158 bytes)
C2 CompilerThread1    38252 11409       4       kotlin.collections.CollectionsKt___CollectionsKt::firstOrNull (63 bytes)
Total: 2

VM state: at safepoint (normal execution)

VM Mutex/Monitor currently owned by a thread:  ([mutex/lock_event])
[0x00007ffb7d90af50] Threads_lock - owner thread: 0x00000225f212b230
[0x00007ffb7d90b050] Heap_lock - owner thread: 0x00000225f7f20b10

Heap address: 0x0000000700000000, size: 4096 MB, Compressed Oops mode: Zero based, Oop shift amount: 3

CDS archive(s) mapped at: [0x00000225b1000000-0x00000225b1c90000-0x00000225b1c90000), size 13172736, SharedBaseAddress: 0x00000225b1000000, ArchiveRelocationMode: 1.
Compressed class space mapped at: 0x00000225b2000000-0x00000225f2000000, reserved size: 1073741824
Narrow klass base: 0x00000225b1000000, Narrow klass shift: 0, Narrow klass range: 0x100000000

GC Precious Log:
 CardTable entry size: 512
 Card Set container configuration: InlinePtr #cards 4 size 8 Array Of Cards #cards 16 size 48 Howl #buckets 8 coarsen threshold 3686 Howl Bitmap #cards 512 size 80 coarsen threshold 460 Card regions per heap region 1 cards per card region 4096
 CPUs: 4 total, 4 available
 Memory: 4095M
 Large Page Support: Disabled
 NUMA Support: Disabled
 Compressed Oops: Enabled (Zero based)
 Heap Region Size: 2M
 Heap Min Capacity: 8M
 Heap Initial Capacity: 64M
 Heap Max Capacity: 4G
 Pre-touch: Disabled
 Parallel Workers: 4
 Concurrent Workers: 1
 Concurrent Refinement Workers: 4
 Periodic GC: Disabled

Heap:
 garbage-first heap   total 1069056K, used 530966K [0x0000000700000000, 0x0000000800000000)
  region size 2048K, 14 young (28672K), 14 survivors (28672K)
 Metaspace       used 76332K, committed 78464K, reserved 1179648K
  class space    used 10308K, committed 11392K, reserved 1048576K

Heap Regions: E=young(eden), S=young(survivor), O=old, HS=humongous(starts), HC=humongous(continues), CS=collection set, F=free, TAMS=top-at-mark-start, PB=parsable bottom
|   0|0x0000000700000000, 0x0000000700200000, 0x0000000700200000|100%| O|  |TAMS 0x0000000700000000| PB 0x0000000700000000| Untracked 
|   1|0x0000000700200000, 0x0000000700400000, 0x0000000700400000|100%|HS|  |TAMS 0x0000000700200000| PB 0x0000000700200000| Complete 
|   2|0x0000000700400000, 0x0000000700600000, 0x0000000700600000|100%|HC|  |TAMS 0x0000000700400000| PB 0x0000000700400000| Complete 
|   3|0x0000000700600000, 0x0000000700800000, 0x0000000700800000|100%| O|  |TAMS 0x0000000700600000| PB 0x0000000700600000| Untracked 
|   4|0x0000000700800000, 0x0000000700a00000, 0x0000000700a00000|100%| O|  |TAMS 0x0000000700800000| PB 0x0000000700800000| Untracked 
|   5|0x0000000700a00000, 0x0000000700c00000, 0x0000000700c00000|100%| O|  |TAMS 0x0000000700a00000| PB 0x0000000700a00000| Untracked 
|   6|0x0000000700c00000, 0x0000000700e00000, 0x0000000700e00000|100%| O|  |TAMS 0x0000000700c00000| PB 0x0000000700c00000| Untracked 
|   7|0x0000000700e00000, 0x0000000701000000, 0x0000000701000000|100%| O|  |TAMS 0x0000000700e00000| PB 0x0000000700e00000| Untracked 
|   8|0x0000000701000000, 0x0000000701200000, 0x0000000701200000|100%| O|  |TAMS 0x0000000701000000| PB 0x0000000701000000| Untracked 
|   9|0x0000000701200000, 0x0000000701400000, 0x0000000701400000|100%| O|  |TAMS 0x0000000701200000| PB 0x0000000701200000| Untracked 
|  10|0x0000000701400000, 0x0000000701600000, 0x0000000701600000|100%| O|  |TAMS 0x0000000701400000| PB 0x0000000701400000| Untracked 
|  11|0x0000000701600000, 0x0000000701800000, 0x0000000701800000|100%| O|  |TAMS 0x0000000701600000| PB 0x0000000701600000| Untracked 
|  12|0x0000000701800000, 0x0000000701a00000, 0x0000000701a00000|100%| O|  |TAMS 0x0000000701800000| PB 0x0000000701800000| Untracked 
|  13|0x0000000701a00000, 0x0000000701c00000, 0x0000000701c00000|100%| O|  |TAMS 0x0000000701a00000| PB 0x0000000701a00000| Untracked 
|  14|0x0000000701c00000, 0x0000000701e00000, 0x0000000701e00000|100%| O|  |TAMS 0x0000000701c00000| PB 0x0000000701c00000| Untracked 
|  15|0x0000000701e00000, 0x0000000702000000, 0x0000000702000000|100%| O|  |TAMS 0x0000000701e00000| PB 0x0000000701e00000| Untracked 
|  16|0x0000000702000000, 0x0000000702200000, 0x0000000702200000|100%| O|  |TAMS 0x0000000702000000| PB 0x0000000702000000| Untracked 
|  17|0x0000000702200000, 0x0000000702400000, 0x0000000702400000|100%| O|  |TAMS 0x0000000702200000| PB 0x0000000702200000| Untracked 
|  18|0x0000000702400000, 0x0000000702600000, 0x0000000702600000|100%| O|  |TAMS 0x0000000702400000| PB 0x0000000702400000| Untracked 
|  19|0x0000000702600000, 0x0000000702800000, 0x0000000702800000|100%| O|  |TAMS 0x0000000702600000| PB 0x0000000702600000| Untracked 
|  20|0x0000000702800000, 0x0000000702a00000, 0x0000000702a00000|100%| O|  |TAMS 0x0000000702800000| PB 0x0000000702800000| Untracked 
|  21|0x0000000702a00000, 0x0000000702c00000, 0x0000000702c00000|100%| O|  |TAMS 0x0000000702a00000| PB 0x0000000702a00000| Untracked 
|  22|0x0000000702c00000, 0x0000000702e00000, 0x0000000702e00000|100%| O|  |TAMS 0x0000000702c00000| PB 0x0000000702c00000| Untracked 
|  23|0x0000000702e00000, 0x0000000703000000, 0x0000000703000000|100%| O|  |TAMS 0x0000000702e00000| PB 0x0000000702e00000| Untracked 
|  24|0x0000000703000000, 0x0000000703200000, 0x0000000703200000|100%| O|  |TAMS 0x0000000703000000| PB 0x0000000703000000| Untracked 
|  25|0x0000000703200000, 0x0000000703400000, 0x0000000703400000|100%| O|  |TAMS 0x0000000703200000| PB 0x0000000703200000| Untracked 
|  26|0x0000000703400000, 0x0000000703600000, 0x0000000703600000|100%| O|  |TAMS 0x0000000703400000| PB 0x0000000703400000| Untracked 
|  27|0x0000000703600000, 0x0000000703800000, 0x0000000703800000|100%| O|  |TAMS 0x0000000703600000| PB 0x0000000703600000| Untracked 
|  28|0x0000000703800000, 0x0000000703a00000, 0x0000000703a00000|100%| O|  |TAMS 0x0000000703800000| PB 0x0000000703800000| Untracked 
|  29|0x0000000703a00000, 0x0000000703c00000, 0x0000000703c00000|100%| O|  |TAMS 0x0000000703a00000| PB 0x0000000703a00000| Untracked 
|  30|0x0000000703c00000, 0x0000000703e00000, 0x0000000703e00000|100%| O|  |TAMS 0x0000000703c00000| PB 0x0000000703c00000| Untracked 
|  31|0x0000000703e00000, 0x0000000704000000, 0x0000000704000000|100%| O|  |TAMS 0x0000000703e00000| PB 0x0000000703e00000| Untracked 
|  32|0x0000000704000000, 0x0000000704200000, 0x0000000704200000|100%| O|  |TAMS 0x0000000704000000| PB 0x0000000704000000| Untracked 
|  33|0x0000000704200000, 0x0000000704400000, 0x0000000704400000|100%| O|  |TAMS 0x0000000704200000| PB 0x0000000704200000| Untracked 
|  34|0x0000000704400000, 0x0000000704600000, 0x0000000704600000|100%| O|  |TAMS 0x0000000704400000| PB 0x0000000704400000| Untracked 
|  35|0x0000000704600000, 0x0000000704800000, 0x0000000704800000|100%| O|  |TAMS 0x0000000704600000| PB 0x0000000704600000| Untracked 
|  36|0x0000000704800000, 0x0000000704a00000, 0x0000000704a00000|100%| O|  |TAMS 0x0000000704800000| PB 0x0000000704800000| Untracked 
|  37|0x0000000704a00000, 0x0000000704c00000, 0x0000000704c00000|100%| O|  |TAMS 0x0000000704a00000| PB 0x0000000704a00000| Untracked 
|  38|0x0000000704c00000, 0x0000000704e00000, 0x0000000704e00000|100%| O|  |TAMS 0x0000000704c00000| PB 0x0000000704c00000| Untracked 
|  39|0x0000000704e00000, 0x0000000705000000, 0x0000000705000000|100%| O|  |TAMS 0x0000000704e00000| PB 0x0000000704e00000| Untracked 
|  40|0x0000000705000000, 0x0000000705200000, 0x0000000705200000|100%| O|  |TAMS 0x0000000705000000| PB 0x0000000705000000| Untracked 
|  41|0x0000000705200000, 0x0000000705200000, 0x0000000705400000|  0%| F|  |TAMS 0x0000000705200000| PB 0x0000000705200000| Untracked 
|  42|0x0000000705400000, 0x0000000705600000, 0x0000000705600000|100%| O|  |TAMS 0x0000000705400000| PB 0x0000000705400000| Untracked 
|  43|0x0000000705600000, 0x0000000705800000, 0x0000000705800000|100%| O|Cm|TAMS 0x0000000705600000| PB 0x0000000705600000| Complete 
|  44|0x0000000705800000, 0x0000000705a00000, 0x0000000705a00000|100%| O|  |TAMS 0x0000000705800000| PB 0x0000000705800000| Untracked 
|  45|0x0000000705a00000, 0x0000000705c00000, 0x0000000705c00000|100%| O|  |TAMS 0x0000000705a00000| PB 0x0000000705a00000| Untracked 
|  46|0x0000000705c00000, 0x0000000705e00000, 0x0000000705e00000|100%| O|  |TAMS 0x0000000705c00000| PB 0x0000000705c00000| Untracked 
|  47|0x0000000705e00000, 0x0000000706000000, 0x0000000706000000|100%| O|  |TAMS 0x0000000705e00000| PB 0x0000000705e00000| Untracked 
|  48|0x0000000706000000, 0x0000000706200000, 0x0000000706200000|100%| O|  |TAMS 0x0000000706000000| PB 0x0000000706000000| Untracked 
|  49|0x0000000706200000, 0x00000007063baaa0, 0x0000000706400000| 86%| O|  |TAMS 0x0000000706200000| PB 0x0000000706200000| Untracked 
|  50|0x0000000706400000, 0x0000000706600000, 0x0000000706600000|100%| O|  |TAMS 0x0000000706400000| PB 0x0000000706400000| Untracked 
|  51|0x0000000706600000, 0x0000000706800000, 0x0000000706800000|100%| O|  |TAMS 0x0000000706600000| PB 0x0000000706600000| Untracked 
|  52|0x0000000706800000, 0x0000000706a00000, 0x0000000706a00000|100%| O|  |TAMS 0x0000000706800000| PB 0x0000000706800000| Untracked 
|  53|0x0000000706a00000, 0x0000000706c00000, 0x0000000706c00000|100%| O|  |TAMS 0x0000000706a00000| PB 0x0000000706a00000| Untracked 
|  54|0x0000000706c00000, 0x0000000706e00000, 0x0000000706e00000|100%| O|  |TAMS 0x0000000706c00000| PB 0x0000000706c00000| Untracked 
|  55|0x0000000706e00000, 0x0000000707000000, 0x0000000707000000|100%| O|  |TAMS 0x0000000706e00000| PB 0x0000000706e00000| Untracked 
|  56|0x0000000707000000, 0x0000000707200000, 0x0000000707200000|100%| O|  |TAMS 0x0000000707000000| PB 0x0000000707000000| Untracked 
|  57|0x0000000707200000, 0x0000000707400000, 0x0000000707400000|100%| O|  |TAMS 0x0000000707200000| PB 0x0000000707200000| Untracked 
|  58|0x0000000707400000, 0x0000000707600000, 0x0000000707600000|100%| O|  |TAMS 0x0000000707400000| PB 0x0000000707400000| Untracked 
|  59|0x0000000707600000, 0x0000000707800000, 0x0000000707800000|100%| O|  |TAMS 0x0000000707600000| PB 0x0000000707600000| Untracked 
|  60|0x0000000707800000, 0x0000000707a00000, 0x0000000707a00000|100%| O|  |TAMS 0x0000000707800000| PB 0x0000000707800000| Untracked 
|  61|0x0000000707a00000, 0x0000000707c00000, 0x0000000707c00000|100%| O|  |TAMS 0x0000000707a00000| PB 0x0000000707a00000| Untracked 
|  62|0x0000000707c00000, 0x0000000707e00000, 0x0000000707e00000|100%| O|  |TAMS 0x0000000707c00000| PB 0x0000000707c00000| Untracked 
|  63|0x0000000707e00000, 0x0000000708000000, 0x0000000708000000|100%| O|  |TAMS 0x0000000707e00000| PB 0x0000000707e00000| Untracked 
|  64|0x0000000708000000, 0x0000000708200000, 0x0000000708200000|100%| O|  |TAMS 0x0000000708000000| PB 0x0000000708000000| Untracked 
|  65|0x0000000708200000, 0x0000000708400000, 0x0000000708400000|100%| O|  |TAMS 0x0000000708200000| PB 0x0000000708200000| Untracked 
|  66|0x0000000708400000, 0x0000000708600000, 0x0000000708600000|100%| O|  |TAMS 0x0000000708400000| PB 0x0000000708400000| Untracked 
|  67|0x0000000708600000, 0x0000000708800000, 0x0000000708800000|100%| O|  |TAMS 0x0000000708600000| PB 0x0000000708600000| Untracked 
|  68|0x0000000708800000, 0x0000000708a00000, 0x0000000708a00000|100%| O|  |TAMS 0x0000000708800000| PB 0x0000000708800000| Untracked 
|  69|0x0000000708a00000, 0x0000000708c00000, 0x0000000708c00000|100%| O|  |TAMS 0x0000000708a00000| PB 0x0000000708a00000| Untracked 
|  70|0x0000000708c00000, 0x0000000708e00000, 0x0000000708e00000|100%| O|  |TAMS 0x0000000708c00000| PB 0x0000000708c00000| Untracked 
|  71|0x0000000708e00000, 0x0000000709000000, 0x0000000709000000|100%| O|  |TAMS 0x0000000708e00000| PB 0x0000000708e00000| Untracked 
|  72|0x0000000709000000, 0x0000000709200000, 0x0000000709200000|100%| O|  |TAMS 0x0000000709000000| PB 0x0000000709000000| Untracked 
|  73|0x0000000709200000, 0x0000000709400000, 0x0000000709400000|100%| O|  |TAMS 0x0000000709200000| PB 0x0000000709200000| Untracked 
|  74|0x0000000709400000, 0x0000000709600000, 0x0000000709600000|100%| O|  |TAMS 0x0000000709400000| PB 0x0000000709400000| Untracked 
|  75|0x0000000709600000, 0x0000000709800000, 0x0000000709800000|100%| O|  |TAMS 0x0000000709600000| PB 0x0000000709600000| Untracked 
|  76|0x0000000709800000, 0x0000000709a00000, 0x0000000709a00000|100%| O|  |TAMS 0x0000000709800000| PB 0x0000000709800000| Untracked 
|  77|0x0000000709a00000, 0x0000000709c00000, 0x0000000709c00000|100%| O|  |TAMS 0x0000000709a00000| PB 0x0000000709a00000| Untracked 
|  78|0x0000000709c00000, 0x0000000709e00000, 0x0000000709e00000|100%| O|  |TAMS 0x0000000709c00000| PB 0x0000000709c00000| Untracked 
|  79|0x0000000709e00000, 0x000000070a000000, 0x000000070a000000|100%| O|  |TAMS 0x0000000709e00000| PB 0x0000000709e00000| Untracked 
|  80|0x000000070a000000, 0x000000070a200000, 0x000000070a200000|100%| O|  |TAMS 0x000000070a000000| PB 0x000000070a000000| Untracked 
|  81|0x000000070a200000, 0x000000070a400000, 0x000000070a400000|100%| O|  |TAMS 0x000000070a200000| PB 0x000000070a200000| Untracked 
|  82|0x000000070a400000, 0x000000070a600000, 0x000000070a600000|100%| O|  |TAMS 0x000000070a400000| PB 0x000000070a400000| Untracked 
|  83|0x000000070a600000, 0x000000070a800000, 0x000000070a800000|100%| O|  |TAMS 0x000000070a600000| PB 0x000000070a600000| Untracked 
|  84|0x000000070a800000, 0x000000070aa00000, 0x000000070aa00000|100%| O|  |TAMS 0x000000070a800000| PB 0x000000070a800000| Untracked 
|  85|0x000000070aa00000, 0x000000070ac00000, 0x000000070ac00000|100%| O|  |TAMS 0x000000070aa00000| PB 0x000000070aa00000| Untracked 
|  86|0x000000070ac00000, 0x000000070ae00000, 0x000000070ae00000|100%| O|  |TAMS 0x000000070ac00000| PB 0x000000070ac00000| Untracked 
|  87|0x000000070ae00000, 0x000000070b000000, 0x000000070b000000|100%| O|  |TAMS 0x000000070ae00000| PB 0x000000070ae00000| Untracked 
|  88|0x000000070b000000, 0x000000070b200000, 0x000000070b200000|100%| O|  |TAMS 0x000000070b000000| PB 0x000000070b000000| Untracked 
|  89|0x000000070b200000, 0x000000070b400000, 0x000000070b400000|100%| O|  |TAMS 0x000000070b200000| PB 0x000000070b200000| Untracked 
|  90|0x000000070b400000, 0x000000070b600000, 0x000000070b600000|100%| O|  |TAMS 0x000000070b400000| PB 0x000000070b400000| Untracked 
|  91|0x000000070b600000, 0x000000070b800000, 0x000000070b800000|100%| O|  |TAMS 0x000000070b600000| PB 0x000000070b600000| Untracked 
|  92|0x000000070b800000, 0x000000070ba00000, 0x000000070ba00000|100%| O|  |TAMS 0x000000070b800000| PB 0x000000070b800000| Untracked 
|  93|0x000000070ba00000, 0x000000070bc00000, 0x000000070bc00000|100%| O|  |TAMS 0x000000070ba00000| PB 0x000000070ba00000| Untracked 
|  94|0x000000070bc00000, 0x000000070be00000, 0x000000070be00000|100%| O|  |TAMS 0x000000070bc00000| PB 0x000000070bc00000| Untracked 
|  95|0x000000070be00000, 0x000000070c000000, 0x000000070c000000|100%| O|  |TAMS 0x000000070be00000| PB 0x000000070be00000| Untracked 
|  96|0x000000070c000000, 0x000000070c200000, 0x000000070c200000|100%| O|  |TAMS 0x000000070c000000| PB 0x000000070c000000| Untracked 
|  97|0x000000070c200000, 0x000000070c400000, 0x000000070c400000|100%| O|  |TAMS 0x000000070c200000| PB 0x000000070c200000| Untracked 
|  98|0x000000070c400000, 0x000000070c600000, 0x000000070c600000|100%| O|  |TAMS 0x000000070c400000| PB 0x000000070c400000| Untracked 
|  99|0x000000070c600000, 0x000000070c800000, 0x000000070c800000|100%| O|  |TAMS 0x000000070c600000| PB 0x000000070c600000| Untracked 
| 100|0x000000070c800000, 0x000000070ca00000, 0x000000070ca00000|100%| O|  |TAMS 0x000000070c800000| PB 0x000000070c800000| Untracked 
| 101|0x000000070ca00000, 0x000000070cc00000, 0x000000070cc00000|100%| O|  |TAMS 0x000000070ca00000| PB 0x000000070ca00000| Untracked 
| 102|0x000000070cc00000, 0x000000070ce00000, 0x000000070ce00000|100%| O|  |TAMS 0x000000070cc00000| PB 0x000000070cc00000| Untracked 
| 103|0x000000070ce00000, 0x000000070d000000, 0x000000070d000000|100%| O|  |TAMS 0x000000070ce00000| PB 0x000000070ce00000| Untracked 
| 104|0x000000070d000000, 0x000000070d200000, 0x000000070d200000|100%| O|  |TAMS 0x000000070d000000| PB 0x000000070d000000| Untracked 
| 105|0x000000070d200000, 0x000000070d400000, 0x000000070d400000|100%| O|  |TAMS 0x000000070d200000| PB 0x000000070d200000| Untracked 
| 106|0x000000070d400000, 0x000000070d600000, 0x000000070d600000|100%| O|  |TAMS 0x000000070d400000| PB 0x000000070d400000| Untracked 
| 107|0x000000070d600000, 0x000000070d800000, 0x000000070d800000|100%| O|  |TAMS 0x000000070d600000| PB 0x000000070d600000| Untracked 
| 108|0x000000070d800000, 0x000000070da00000, 0x000000070da00000|100%| O|  |TAMS 0x000000070d800000| PB 0x000000070d800000| Untracked 
| 109|0x000000070da00000, 0x000000070dc00000, 0x000000070dc00000|100%| O|  |TAMS 0x000000070da00000| PB 0x000000070da00000| Untracked 
| 110|0x000000070dc00000, 0x000000070de00000, 0x000000070de00000|100%| O|  |TAMS 0x000000070dc00000| PB 0x000000070dc00000| Untracked 
| 111|0x000000070de00000, 0x000000070e000000, 0x000000070e000000|100%| O|  |TAMS 0x000000070de00000| PB 0x000000070de00000| Untracked 
| 112|0x000000070e000000, 0x000000070e200000, 0x000000070e200000|100%| O|  |TAMS 0x000000070e000000| PB 0x000000070e000000| Untracked 
| 113|0x000000070e200000, 0x000000070e400000, 0x000000070e400000|100%| O|  |TAMS 0x000000070e200000| PB 0x000000070e200000| Untracked 
| 114|0x000000070e400000, 0x000000070e600000, 0x000000070e600000|100%| O|  |TAMS 0x000000070e400000| PB 0x000000070e400000| Untracked 
| 115|0x000000070e600000, 0x000000070e800000, 0x000000070e800000|100%| O|  |TAMS 0x000000070e600000| PB 0x000000070e600000| Untracked 
| 116|0x000000070e800000, 0x000000070ea00000, 0x000000070ea00000|100%| O|  |TAMS 0x000000070e800000| PB 0x000000070e800000| Untracked 
| 117|0x000000070ea00000, 0x000000070ec00000, 0x000000070ec00000|100%| O|  |TAMS 0x000000070ea00000| PB 0x000000070ea00000| Untracked 
| 118|0x000000070ec00000, 0x000000070ee00000, 0x000000070ee00000|100%| O|  |TAMS 0x000000070ec00000| PB 0x000000070ec00000| Untracked 
| 119|0x000000070ee00000, 0x000000070f000000, 0x000000070f000000|100%| O|  |TAMS 0x000000070ee00000| PB 0x000000070ee00000| Untracked 
| 120|0x000000070f000000, 0x000000070f200000, 0x000000070f200000|100%| O|  |TAMS 0x000000070f000000| PB 0x000000070f000000| Untracked 
| 121|0x000000070f200000, 0x000000070f400000, 0x000000070f400000|100%| O|  |TAMS 0x000000070f200000| PB 0x000000070f200000| Untracked 
| 122|0x000000070f400000, 0x000000070f600000, 0x000000070f600000|100%| O|  |TAMS 0x000000070f400000| PB 0x000000070f400000| Untracked 
| 123|0x000000070f600000, 0x000000070f800000, 0x000000070f800000|100%| O|  |TAMS 0x000000070f600000| PB 0x000000070f600000| Untracked 
| 124|0x000000070f800000, 0x000000070fa00000, 0x000000070fa00000|100%| O|  |TAMS 0x000000070f800000| PB 0x000000070f800000| Untracked 
| 125|0x000000070fa00000, 0x000000070fc00000, 0x000000070fc00000|100%| O|  |TAMS 0x000000070fa00000| PB 0x000000070fa00000| Untracked 
| 126|0x000000070fc00000, 0x000000070fe00000, 0x000000070fe00000|100%| O|  |TAMS 0x000000070fc00000| PB 0x000000070fc00000| Untracked 
| 127|0x000000070fe00000, 0x0000000710000000, 0x0000000710000000|100%| O|  |TAMS 0x000000070fe00000| PB 0x000000070fe00000| Untracked 
| 128|0x0000000710000000, 0x0000000710200000, 0x0000000710200000|100%| O|  |TAMS 0x0000000710000000| PB 0x0000000710000000| Untracked 
| 129|0x0000000710200000, 0x0000000710400000, 0x0000000710400000|100%| O|  |TAMS 0x0000000710200000| PB 0x0000000710200000| Untracked 
| 130|0x0000000710400000, 0x0000000710600000, 0x0000000710600000|100%| O|  |TAMS 0x0000000710400000| PB 0x0000000710400000| Untracked 
| 131|0x0000000710600000, 0x0000000710800000, 0x0000000710800000|100%| O|  |TAMS 0x0000000710600000| PB 0x0000000710600000| Untracked 
| 132|0x0000000710800000, 0x0000000710a00000, 0x0000000710a00000|100%| O|  |TAMS 0x0000000710800000| PB 0x0000000710800000| Untracked 
| 133|0x0000000710a00000, 0x0000000710c00000, 0x0000000710c00000|100%| O|  |TAMS 0x0000000710a00000| PB 0x0000000710a00000| Untracked 
| 134|0x0000000710c00000, 0x0000000710e00000, 0x0000000710e00000|100%| O|  |TAMS 0x0000000710c00000| PB 0x0000000710c00000| Untracked 
| 135|0x0000000710e00000, 0x0000000711000000, 0x0000000711000000|100%| O|  |TAMS 0x0000000710e00000| PB 0x0000000710e00000| Untracked 
| 136|0x0000000711000000, 0x0000000711200000, 0x0000000711200000|100%| O|  |TAMS 0x0000000711000000| PB 0x0000000711000000| Untracked 
| 137|0x0000000711200000, 0x0000000711400000, 0x0000000711400000|100%| O|  |TAMS 0x0000000711200000| PB 0x0000000711200000| Untracked 
| 138|0x0000000711400000, 0x0000000711600000, 0x0000000711600000|100%| O|  |TAMS 0x0000000711400000| PB 0x0000000711400000| Untracked 
| 139|0x0000000711600000, 0x0000000711800000, 0x0000000711800000|100%| O|  |TAMS 0x0000000711600000| PB 0x0000000711600000| Untracked 
| 140|0x0000000711800000, 0x0000000711a00000, 0x0000000711a00000|100%| O|  |TAMS 0x0000000711800000| PB 0x0000000711800000| Untracked 
| 141|0x0000000711a00000, 0x0000000711c00000, 0x0000000711c00000|100%| O|  |TAMS 0x0000000711a00000| PB 0x0000000711a00000| Untracked 
| 142|0x0000000711c00000, 0x0000000711e00000, 0x0000000711e00000|100%| O|  |TAMS 0x0000000711c00000| PB 0x0000000711c00000| Untracked 
| 143|0x0000000711e00000, 0x0000000712000000, 0x0000000712000000|100%| O|  |TAMS 0x0000000711e00000| PB 0x0000000711e00000| Untracked 
| 144|0x0000000712000000, 0x0000000712200000, 0x0000000712200000|100%| O|  |TAMS 0x0000000712000000| PB 0x0000000712000000| Untracked 
| 145|0x0000000712200000, 0x0000000712400000, 0x0000000712400000|100%| O|  |TAMS 0x0000000712200000| PB 0x0000000712200000| Untracked 
| 146|0x0000000712400000, 0x0000000712600000, 0x0000000712600000|100%| O|  |TAMS 0x0000000712400000| PB 0x0000000712400000| Untracked 
| 147|0x0000000712600000, 0x0000000712800000, 0x0000000712800000|100%| O|  |TAMS 0x0000000712600000| PB 0x0000000712600000| Untracked 
| 148|0x0000000712800000, 0x0000000712a00000, 0x0000000712a00000|100%| O|  |TAMS 0x0000000712800000| PB 0x0000000712800000| Untracked 
| 149|0x0000000712a00000, 0x0000000712c00000, 0x0000000712c00000|100%| O|  |TAMS 0x0000000712a00000| PB 0x0000000712a00000| Untracked 
| 150|0x0000000712c00000, 0x0000000712e00000, 0x0000000712e00000|100%| O|  |TAMS 0x0000000712c00000| PB 0x0000000712c00000| Untracked 
| 151|0x0000000712e00000, 0x0000000713000000, 0x0000000713000000|100%| O|  |TAMS 0x0000000712e00000| PB 0x0000000712e00000| Untracked 
| 152|0x0000000713000000, 0x0000000713200000, 0x0000000713200000|100%| O|  |TAMS 0x0000000713000000| PB 0x0000000713000000| Untracked 
| 153|0x0000000713200000, 0x0000000713400000, 0x0000000713400000|100%| O|  |TAMS 0x0000000713200000| PB 0x0000000713200000| Untracked 
| 154|0x0000000713400000, 0x0000000713600000, 0x0000000713600000|100%| O|  |TAMS 0x0000000713400000| PB 0x0000000713400000| Untracked 
| 155|0x0000000713600000, 0x0000000713800000, 0x0000000713800000|100%| O|  |TAMS 0x0000000713600000| PB 0x0000000713600000| Untracked 
| 156|0x0000000713800000, 0x0000000713a00000, 0x0000000713a00000|100%| O|  |TAMS 0x0000000713800000| PB 0x0000000713800000| Untracked 
| 157|0x0000000713a00000, 0x0000000713c00000, 0x0000000713c00000|100%| O|  |TAMS 0x0000000713a00000| PB 0x0000000713a00000| Untracked 
| 158|0x0000000713c00000, 0x0000000713e00000, 0x0000000713e00000|100%| O|  |TAMS 0x0000000713c00000| PB 0x0000000713c00000| Untracked 
| 159|0x0000000713e00000, 0x0000000714000000, 0x0000000714000000|100%| O|  |TAMS 0x0000000713e00000| PB 0x0000000713e00000| Untracked 
| 160|0x0000000714000000, 0x0000000714200000, 0x0000000714200000|100%| O|  |TAMS 0x0000000714000000| PB 0x0000000714000000| Untracked 
| 161|0x0000000714200000, 0x0000000714400000, 0x0000000714400000|100%| O|  |TAMS 0x0000000714200000| PB 0x0000000714200000| Untracked 
| 162|0x0000000714400000, 0x0000000714600000, 0x0000000714600000|100%| O|  |TAMS 0x0000000714400000| PB 0x0000000714400000| Untracked 
| 163|0x0000000714600000, 0x0000000714800000, 0x0000000714800000|100%| O|  |TAMS 0x0000000714600000| PB 0x0000000714600000| Untracked 
| 164|0x0000000714800000, 0x0000000714a00000, 0x0000000714a00000|100%| O|  |TAMS 0x0000000714800000| PB 0x0000000714800000| Untracked 
| 165|0x0000000714a00000, 0x0000000714c00000, 0x0000000714c00000|100%| O|  |TAMS 0x0000000714a00000| PB 0x0000000714a00000| Untracked 
| 166|0x0000000714c00000, 0x0000000714e00000, 0x0000000714e00000|100%| O|  |TAMS 0x0000000714c00000| PB 0x0000000714c00000| Untracked 
| 167|0x0000000714e00000, 0x0000000715000000, 0x0000000715000000|100%| O|  |TAMS 0x0000000714e00000| PB 0x0000000714e00000| Untracked 
| 168|0x0000000715000000, 0x0000000715200000, 0x0000000715200000|100%| O|  |TAMS 0x0000000715000000| PB 0x0000000715000000| Untracked 
| 169|0x0000000715200000, 0x0000000715400000, 0x0000000715400000|100%| O|  |TAMS 0x0000000715200000| PB 0x0000000715200000| Untracked 
| 170|0x0000000715400000, 0x0000000715600000, 0x0000000715600000|100%| O|  |TAMS 0x0000000715400000| PB 0x0000000715400000| Untracked 
| 171|0x0000000715600000, 0x0000000715800000, 0x0000000715800000|100%| O|  |TAMS 0x0000000715600000| PB 0x0000000715600000| Untracked 
| 172|0x0000000715800000, 0x0000000715a00000, 0x0000000715a00000|100%| O|  |TAMS 0x0000000715800000| PB 0x0000000715800000| Untracked 
| 173|0x0000000715a00000, 0x0000000715c00000, 0x0000000715c00000|100%| O|  |TAMS 0x0000000715a00000| PB 0x0000000715a00000| Untracked 
| 174|0x0000000715c00000, 0x0000000715e00000, 0x0000000715e00000|100%| O|  |TAMS 0x0000000715c00000| PB 0x0000000715c00000| Untracked 
| 175|0x0000000715e00000, 0x0000000716000000, 0x0000000716000000|100%| O|  |TAMS 0x0000000715e00000| PB 0x0000000715e00000| Untracked 
| 176|0x0000000716000000, 0x0000000716200000, 0x0000000716200000|100%| O|  |TAMS 0x0000000716000000| PB 0x0000000716000000| Untracked 
| 177|0x0000000716200000, 0x0000000716400000, 0x0000000716400000|100%| O|  |TAMS 0x0000000716200000| PB 0x0000000716200000| Untracked 
| 178|0x0000000716400000, 0x0000000716600000, 0x0000000716600000|100%| O|  |TAMS 0x0000000716400000| PB 0x0000000716400000| Untracked 
| 179|0x0000000716600000, 0x0000000716800000, 0x0000000716800000|100%| O|  |TAMS 0x0000000716600000| PB 0x0000000716600000| Untracked 
| 180|0x0000000716800000, 0x0000000716a00000, 0x0000000716a00000|100%| O|  |TAMS 0x0000000716800000| PB 0x0000000716800000| Untracked 
| 181|0x0000000716a00000, 0x0000000716c00000, 0x0000000716c00000|100%| O|  |TAMS 0x0000000716a00000| PB 0x0000000716a00000| Untracked 
| 182|0x0000000716c00000, 0x0000000716e00000, 0x0000000716e00000|100%| O|  |TAMS 0x0000000716c00000| PB 0x0000000716c00000| Untracked 
| 183|0x0000000716e00000, 0x0000000717000000, 0x0000000717000000|100%| O|  |TAMS 0x0000000716e00000| PB 0x0000000716e00000| Untracked 
| 184|0x0000000717000000, 0x0000000717200000, 0x0000000717200000|100%| O|  |TAMS 0x0000000717000000| PB 0x0000000717000000| Untracked 
| 185|0x0000000717200000, 0x0000000717400000, 0x0000000717400000|100%| O|  |TAMS 0x0000000717200000| PB 0x0000000717200000| Untracked 
| 186|0x0000000717400000, 0x0000000717600000, 0x0000000717600000|100%| O|  |TAMS 0x0000000717400000| PB 0x0000000717400000| Untracked 
| 187|0x0000000717600000, 0x0000000717800000, 0x0000000717800000|100%| O|  |TAMS 0x0000000717600000| PB 0x0000000717600000| Untracked 
| 188|0x0000000717800000, 0x0000000717a00000, 0x0000000717a00000|100%| O|  |TAMS 0x0000000717800000| PB 0x0000000717800000| Untracked 
| 189|0x0000000717a00000, 0x0000000717c00000, 0x0000000717c00000|100%| O|  |TAMS 0x0000000717a00000| PB 0x0000000717a00000| Untracked 
| 190|0x0000000717c00000, 0x0000000717e00000, 0x0000000717e00000|100%| O|  |TAMS 0x0000000717c00000| PB 0x0000000717c00000| Untracked 
| 191|0x0000000717e00000, 0x0000000718000000, 0x0000000718000000|100%| O|  |TAMS 0x0000000717e00000| PB 0x0000000717e00000| Untracked 
| 192|0x0000000718000000, 0x0000000718200000, 0x0000000718200000|100%| O|Cm|TAMS 0x0000000718000000| PB 0x0000000718000000| Complete 
| 193|0x0000000718200000, 0x0000000718400000, 0x0000000718400000|100%| O|  |TAMS 0x0000000718200000| PB 0x0000000718200000| Untracked 
| 194|0x0000000718400000, 0x0000000718600000, 0x0000000718600000|100%| O|  |TAMS 0x0000000718400000| PB 0x0000000718400000| Untracked 
| 195|0x0000000718600000, 0x0000000718800000, 0x0000000718800000|100%| O|  |TAMS 0x0000000718600000| PB 0x0000000718600000| Untracked 
| 196|0x0000000718800000, 0x0000000718a00000, 0x0000000718a00000|100%| O|  |TAMS 0x0000000718800000| PB 0x0000000718800000| Untracked 
| 197|0x0000000718a00000, 0x0000000718c00000, 0x0000000718c00000|100%| O|  |TAMS 0x0000000718a00000| PB 0x0000000718a00000| Untracked 
| 198|0x0000000718c00000, 0x0000000718e00000, 0x0000000718e00000|100%| O|  |TAMS 0x0000000718c00000| PB 0x0000000718c00000| Untracked 
| 199|0x0000000718e00000, 0x0000000719000000, 0x0000000719000000|100%| O|  |TAMS 0x0000000718e00000| PB 0x0000000718e00000| Untracked 
| 200|0x0000000719000000, 0x0000000719200000, 0x0000000719200000|100%| O|  |TAMS 0x0000000719000000| PB 0x0000000719000000| Untracked 
| 201|0x0000000719200000, 0x0000000719400000, 0x0000000719400000|100%| O|  |TAMS 0x0000000719200000| PB 0x0000000719200000| Untracked 
| 202|0x0000000719400000, 0x0000000719600000, 0x0000000719600000|100%| O|  |TAMS 0x0000000719400000| PB 0x0000000719400000| Untracked 
| 203|0x0000000719600000, 0x0000000719800000, 0x0000000719800000|100%| O|  |TAMS 0x0000000719600000| PB 0x0000000719600000| Untracked 
| 204|0x0000000719800000, 0x0000000719a00000, 0x0000000719a00000|100%| O|  |TAMS 0x0000000719800000| PB 0x0000000719800000| Untracked 
| 205|0x0000000719a00000, 0x0000000719c00000, 0x0000000719c00000|100%| O|  |TAMS 0x0000000719a00000| PB 0x0000000719a00000| Untracked 
| 206|0x0000000719c00000, 0x0000000719e00000, 0x0000000719e00000|100%| O|  |TAMS 0x0000000719c00000| PB 0x0000000719c00000| Untracked 
| 207|0x0000000719e00000, 0x000000071a000000, 0x000000071a000000|100%| O|  |TAMS 0x0000000719e00000| PB 0x0000000719e00000| Untracked 
| 208|0x000000071a000000, 0x000000071a200000, 0x000000071a200000|100%| O|  |TAMS 0x000000071a000000| PB 0x000000071a000000| Untracked 
| 209|0x000000071a200000, 0x000000071a400000, 0x000000071a400000|100%| O|  |TAMS 0x000000071a200000| PB 0x000000071a200000| Untracked 
| 210|0x000000071a400000, 0x000000071a600000, 0x000000071a600000|100%| O|  |TAMS 0x000000071a400000| PB 0x000000071a400000| Untracked 
| 211|0x000000071a600000, 0x000000071a800000, 0x000000071a800000|100%| O|  |TAMS 0x000000071a600000| PB 0x000000071a600000| Untracked 
| 212|0x000000071a800000, 0x000000071aa00000, 0x000000071aa00000|100%| O|  |TAMS 0x000000071a800000| PB 0x000000071a800000| Untracked 
| 213|0x000000071aa00000, 0x000000071ac00000, 0x000000071ac00000|100%| O|  |TAMS 0x000000071aa00000| PB 0x000000071aa00000| Untracked 
| 214|0x000000071ac00000, 0x000000071ae00000, 0x000000071ae00000|100%| O|  |TAMS 0x000000071ac00000| PB 0x000000071ac00000| Untracked 
| 215|0x000000071ae00000, 0x000000071b000000, 0x000000071b000000|100%| O|  |TAMS 0x000000071ae00000| PB 0x000000071ae00000| Untracked 
| 216|0x000000071b000000, 0x000000071b200000, 0x000000071b200000|100%| O|  |TAMS 0x000000071b000000| PB 0x000000071b000000| Untracked 
| 217|0x000000071b200000, 0x000000071b400000, 0x000000071b400000|100%| O|  |TAMS 0x000000071b200000| PB 0x000000071b200000| Untracked 
| 218|0x000000071b400000, 0x000000071b600000, 0x000000071b600000|100%| O|  |TAMS 0x000000071b400000| PB 0x000000071b400000| Untracked 
| 219|0x000000071b600000, 0x000000071b800000, 0x000000071b800000|100%| O|  |TAMS 0x000000071b600000| PB 0x000000071b600000| Untracked 
| 220|0x000000071b800000, 0x000000071ba00000, 0x000000071ba00000|100%| O|  |TAMS 0x000000071b800000| PB 0x000000071b800000| Untracked 
| 221|0x000000071ba00000, 0x000000071bc00000, 0x000000071bc00000|100%| O|  |TAMS 0x000000071ba00000| PB 0x000000071ba00000| Untracked 
| 222|0x000000071bc00000, 0x000000071be00000, 0x000000071be00000|100%| O|  |TAMS 0x000000071bc00000| PB 0x000000071bc00000| Untracked 
| 223|0x000000071be00000, 0x000000071c000000, 0x000000071c000000|100%| O|  |TAMS 0x000000071be00000| PB 0x000000071be00000| Untracked 
| 224|0x000000071c000000, 0x000000071c200000, 0x000000071c200000|100%| O|  |TAMS 0x000000071c000000| PB 0x000000071c000000| Untracked 
| 225|0x000000071c200000, 0x000000071c400000, 0x000000071c400000|100%| O|  |TAMS 0x000000071c200000| PB 0x000000071c200000| Untracked 
| 226|0x000000071c400000, 0x000000071c600000, 0x000000071c600000|100%| O|  |TAMS 0x000000071c400000| PB 0x000000071c400000| Untracked 
| 227|0x000000071c600000, 0x000000071c800000, 0x000000071c800000|100%| O|  |TAMS 0x000000071c600000| PB 0x000000071c600000| Untracked 
| 228|0x000000071c800000, 0x000000071ca00000, 0x000000071ca00000|100%| O|  |TAMS 0x000000071c800000| PB 0x000000071c800000| Untracked 
| 229|0x000000071ca00000, 0x000000071cc00000, 0x000000071cc00000|100%| O|  |TAMS 0x000000071ca00000| PB 0x000000071ca00000| Untracked 
| 230|0x000000071cc00000, 0x000000071ce00000, 0x000000071ce00000|100%| O|  |TAMS 0x000000071cc00000| PB 0x000000071cc00000| Untracked 
| 231|0x000000071ce00000, 0x000000071d000000, 0x000000071d000000|100%| O|  |TAMS 0x000000071ce00000| PB 0x000000071ce00000| Untracked 
| 232|0x000000071d000000, 0x000000071d200000, 0x000000071d200000|100%| O|  |TAMS 0x000000071d000000| PB 0x000000071d000000| Untracked 
| 233|0x000000071d200000, 0x000000071d400000, 0x000000071d400000|100%| O|  |TAMS 0x000000071d200000| PB 0x000000071d200000| Untracked 
| 234|0x000000071d400000, 0x000000071d600000, 0x000000071d600000|100%| O|  |TAMS 0x000000071d400000| PB 0x000000071d400000| Untracked 
| 235|0x000000071d600000, 0x000000071d800000, 0x000000071d800000|100%| O|  |TAMS 0x000000071d600000| PB 0x000000071d600000| Untracked 
| 236|0x000000071d800000, 0x000000071da00000, 0x000000071da00000|100%| O|  |TAMS 0x000000071d800000| PB 0x000000071d800000| Untracked 
| 237|0x000000071da00000, 0x000000071dc00000, 0x000000071dc00000|100%| O|  |TAMS 0x000000071da00000| PB 0x000000071da00000| Untracked 
| 238|0x000000071dc00000, 0x000000071de00000, 0x000000071de00000|100%| O|  |TAMS 0x000000071dc00000| PB 0x000000071dc00000| Untracked 
| 239|0x000000071de00000, 0x000000071e000000, 0x000000071e000000|100%| O|  |TAMS 0x000000071de00000| PB 0x000000071de00000| Untracked 
| 240|0x000000071e000000, 0x000000071e200000, 0x000000071e200000|100%| O|  |TAMS 0x000000071e000000| PB 0x000000071e000000| Untracked 
| 241|0x000000071e200000, 0x000000071e300000, 0x000000071e400000| 50%| O|  |TAMS 0x000000071e200000| PB 0x000000071e200000| Untracked 
| 242|0x000000071e400000, 0x000000071e400000, 0x000000071e600000|  0%| F|  |TAMS 0x000000071e400000| PB 0x000000071e400000| Untracked 
| 243|0x000000071e600000, 0x000000071e600000, 0x000000071e800000|  0%| F|  |TAMS 0x000000071e600000| PB 0x000000071e600000| Untracked 
| 244|0x000000071e800000, 0x000000071e800000, 0x000000071ea00000|  0%| F|  |TAMS 0x000000071e800000| PB 0x000000071e800000| Untracked 
| 245|0x000000071ea00000, 0x000000071ea00000, 0x000000071ec00000|  0%| F|  |TAMS 0x000000071ea00000| PB 0x000000071ea00000| Untracked 
| 246|0x000000071ec00000, 0x000000071ec00000, 0x000000071ee00000|  0%| F|  |TAMS 0x000000071ec00000| PB 0x000000071ec00000| Untracked 
| 247|0x000000071ee00000, 0x000000071ee00000, 0x000000071f000000|  0%| F|  |TAMS 0x000000071ee00000| PB 0x000000071ee00000| Untracked 
| 248|0x000000071f000000, 0x000000071f000000, 0x000000071f200000|  0%| F|  |TAMS 0x000000071f000000| PB 0x000000071f000000| Untracked 
| 249|0x000000071f200000, 0x000000071f200000, 0x000000071f400000|  0%| F|  |TAMS 0x000000071f200000| PB 0x000000071f200000| Untracked 
| 250|0x000000071f400000, 0x000000071f400000, 0x000000071f600000|  0%| F|  |TAMS 0x000000071f400000| PB 0x000000071f400000| Untracked 
| 251|0x000000071f600000, 0x000000071f600000, 0x000000071f800000|  0%| F|  |TAMS 0x000000071f600000| PB 0x000000071f600000| Untracked 
| 252|0x000000071f800000, 0x000000071f800000, 0x000000071fa00000|  0%| F|  |TAMS 0x000000071f800000| PB 0x000000071f800000| Untracked 
| 253|0x000000071fa00000, 0x000000071fa00000, 0x000000071fc00000|  0%| F|  |TAMS 0x000000071fa00000| PB 0x000000071fa00000| Untracked 
| 254|0x000000071fc00000, 0x000000071fc00000, 0x000000071fe00000|  0%| F|  |TAMS 0x000000071fc00000| PB 0x000000071fc00000| Untracked 
| 255|0x000000071fe00000, 0x000000071fe00000, 0x0000000720000000|  0%| F|  |TAMS 0x000000071fe00000| PB 0x000000071fe00000| Untracked 
| 256|0x0000000720000000, 0x0000000720000000, 0x0000000720200000|  0%| F|  |TAMS 0x0000000720000000| PB 0x0000000720000000| Untracked 
| 257|0x0000000720200000, 0x0000000720200000, 0x0000000720400000|  0%| F|  |TAMS 0x0000000720200000| PB 0x0000000720200000| Untracked 
| 258|0x0000000720400000, 0x0000000720400000, 0x0000000720600000|  0%| F|  |TAMS 0x0000000720400000| PB 0x0000000720400000| Untracked 
| 259|0x0000000720600000, 0x0000000720600000, 0x0000000720800000|  0%| F|  |TAMS 0x0000000720600000| PB 0x0000000720600000| Untracked 
| 260|0x0000000720800000, 0x0000000720800000, 0x0000000720a00000|  0%| F|  |TAMS 0x0000000720800000| PB 0x0000000720800000| Untracked 
| 261|0x0000000720a00000, 0x0000000720a00000, 0x0000000720c00000|  0%| F|  |TAMS 0x0000000720a00000| PB 0x0000000720a00000| Untracked 
| 262|0x0000000720c00000, 0x0000000720c00000, 0x0000000720e00000|  0%| F|  |TAMS 0x0000000720c00000| PB 0x0000000720c00000| Untracked 
| 263|0x0000000720e00000, 0x0000000720e00000, 0x0000000721000000|  0%| F|  |TAMS 0x0000000720e00000| PB 0x0000000720e00000| Untracked 
| 264|0x0000000721000000, 0x0000000721000000, 0x0000000721200000|  0%| F|  |TAMS 0x0000000721000000| PB 0x0000000721000000| Untracked 
| 265|0x0000000721200000, 0x0000000721200000, 0x0000000721400000|  0%| F|  |TAMS 0x0000000721200000| PB 0x0000000721200000| Untracked 
| 266|0x0000000721400000, 0x0000000721400000, 0x0000000721600000|  0%| F|  |TAMS 0x0000000721400000| PB 0x0000000721400000| Untracked 
| 267|0x0000000721600000, 0x0000000721600000, 0x0000000721800000|  0%| F|  |TAMS 0x0000000721600000| PB 0x0000000721600000| Untracked 
| 268|0x0000000721800000, 0x0000000721800000, 0x0000000721a00000|  0%| F|  |TAMS 0x0000000721800000| PB 0x0000000721800000| Untracked 
| 269|0x0000000721a00000, 0x0000000721a00000, 0x0000000721c00000|  0%| F|  |TAMS 0x0000000721a00000| PB 0x0000000721a00000| Untracked 
| 270|0x0000000721c00000, 0x0000000721c00000, 0x0000000721e00000|  0%| F|  |TAMS 0x0000000721c00000| PB 0x0000000721c00000| Untracked 
| 271|0x0000000721e00000, 0x0000000721e00000, 0x0000000722000000|  0%| F|  |TAMS 0x0000000721e00000| PB 0x0000000721e00000| Untracked 
| 272|0x0000000722000000, 0x0000000722000000, 0x0000000722200000|  0%| F|  |TAMS 0x0000000722000000| PB 0x0000000722000000| Untracked 
| 273|0x0000000722200000, 0x0000000722200000, 0x0000000722400000|  0%| F|  |TAMS 0x0000000722200000| PB 0x0000000722200000| Untracked 
| 274|0x0000000722400000, 0x0000000722400000, 0x0000000722600000|  0%| F|  |TAMS 0x0000000722400000| PB 0x0000000722400000| Untracked 
| 275|0x0000000722600000, 0x0000000722600000, 0x0000000722800000|  0%| F|  |TAMS 0x0000000722600000| PB 0x0000000722600000| Untracked 
| 276|0x0000000722800000, 0x0000000722800000, 0x0000000722a00000|  0%| F|  |TAMS 0x0000000722800000| PB 0x0000000722800000| Untracked 
| 277|0x0000000722a00000, 0x0000000722a00000, 0x0000000722c00000|  0%| F|  |TAMS 0x0000000722a00000| PB 0x0000000722a00000| Untracked 
| 278|0x0000000722c00000, 0x0000000722c00000, 0x0000000722e00000|  0%| F|  |TAMS 0x0000000722c00000| PB 0x0000000722c00000| Untracked 
| 279|0x0000000722e00000, 0x0000000722e00000, 0x0000000723000000|  0%| F|  |TAMS 0x0000000722e00000| PB 0x0000000722e00000| Untracked 
| 280|0x0000000723000000, 0x0000000723000000, 0x0000000723200000|  0%| F|  |TAMS 0x0000000723000000| PB 0x0000000723000000| Untracked 
| 281|0x0000000723200000, 0x0000000723200000, 0x0000000723400000|  0%| F|  |TAMS 0x0000000723200000| PB 0x0000000723200000| Untracked 
| 282|0x0000000723400000, 0x0000000723400000, 0x0000000723600000|  0%| F|  |TAMS 0x0000000723400000| PB 0x0000000723400000| Untracked 
| 283|0x0000000723600000, 0x0000000723600000, 0x0000000723800000|  0%| F|  |TAMS 0x0000000723600000| PB 0x0000000723600000| Untracked 
| 284|0x0000000723800000, 0x0000000723800000, 0x0000000723a00000|  0%| F|  |TAMS 0x0000000723800000| PB 0x0000000723800000| Untracked 
| 285|0x0000000723a00000, 0x0000000723a00000, 0x0000000723c00000|  0%| F|  |TAMS 0x0000000723a00000| PB 0x0000000723a00000| Untracked 
| 286|0x0000000723c00000, 0x0000000723c00000, 0x0000000723e00000|  0%| F|  |TAMS 0x0000000723c00000| PB 0x0000000723c00000| Untracked 
| 287|0x0000000723e00000, 0x0000000723e00000, 0x0000000724000000|  0%| F|  |TAMS 0x0000000723e00000| PB 0x0000000723e00000| Untracked 
| 288|0x0000000724000000, 0x0000000724000000, 0x0000000724200000|  0%| F|  |TAMS 0x0000000724000000| PB 0x0000000724000000| Untracked 
| 289|0x0000000724200000, 0x0000000724200000, 0x0000000724400000|  0%| F|  |TAMS 0x0000000724200000| PB 0x0000000724200000| Untracked 
| 290|0x0000000724400000, 0x0000000724400000, 0x0000000724600000|  0%| F|  |TAMS 0x0000000724400000| PB 0x0000000724400000| Untracked 
| 291|0x0000000724600000, 0x0000000724600000, 0x0000000724800000|  0%| F|  |TAMS 0x0000000724600000| PB 0x0000000724600000| Untracked 
| 292|0x0000000724800000, 0x0000000724800000, 0x0000000724a00000|  0%| F|  |TAMS 0x0000000724800000| PB 0x0000000724800000| Untracked 
| 293|0x0000000724a00000, 0x0000000724a00000, 0x0000000724c00000|  0%| F|  |TAMS 0x0000000724a00000| PB 0x0000000724a00000| Untracked 
| 294|0x0000000724c00000, 0x0000000724c00000, 0x0000000724e00000|  0%| F|  |TAMS 0x0000000724c00000| PB 0x0000000724c00000| Untracked 
| 295|0x0000000724e00000, 0x0000000724e00000, 0x0000000725000000|  0%| F|  |TAMS 0x0000000724e00000| PB 0x0000000724e00000| Untracked 
| 296|0x0000000725000000, 0x0000000725000000, 0x0000000725200000|  0%| F|  |TAMS 0x0000000725000000| PB 0x0000000725000000| Untracked 
| 297|0x0000000725200000, 0x0000000725200000, 0x0000000725400000|  0%| F|  |TAMS 0x0000000725200000| PB 0x0000000725200000| Untracked 
| 298|0x0000000725400000, 0x0000000725400000, 0x0000000725600000|  0%| F|  |TAMS 0x0000000725400000| PB 0x0000000725400000| Untracked 
| 299|0x0000000725600000, 0x0000000725600000, 0x0000000725800000|  0%| F|  |TAMS 0x0000000725600000| PB 0x0000000725600000| Untracked 
| 300|0x0000000725800000, 0x0000000725800000, 0x0000000725a00000|  0%| F|  |TAMS 0x0000000725800000| PB 0x0000000725800000| Untracked 
| 301|0x0000000725a00000, 0x0000000725a00000, 0x0000000725c00000|  0%| F|  |TAMS 0x0000000725a00000| PB 0x0000000725a00000| Untracked 
| 302|0x0000000725c00000, 0x0000000725c00000, 0x0000000725e00000|  0%| F|  |TAMS 0x0000000725c00000| PB 0x0000000725c00000| Untracked 
| 303|0x0000000725e00000, 0x0000000725e00000, 0x0000000726000000|  0%| F|  |TAMS 0x0000000725e00000| PB 0x0000000725e00000| Untracked 
| 304|0x0000000726000000, 0x0000000726000000, 0x0000000726200000|  0%| F|  |TAMS 0x0000000726000000| PB 0x0000000726000000| Untracked 
| 305|0x0000000726200000, 0x0000000726200000, 0x0000000726400000|  0%| F|  |TAMS 0x0000000726200000| PB 0x0000000726200000| Untracked 
| 306|0x0000000726400000, 0x0000000726400000, 0x0000000726600000|  0%| F|  |TAMS 0x0000000726400000| PB 0x0000000726400000| Untracked 
| 307|0x0000000726600000, 0x0000000726600000, 0x0000000726800000|  0%| F|  |TAMS 0x0000000726600000| PB 0x0000000726600000| Untracked 
| 308|0x0000000726800000, 0x0000000726800000, 0x0000000726a00000|  0%| F|  |TAMS 0x0000000726800000| PB 0x0000000726800000| Untracked 
| 309|0x0000000726a00000, 0x0000000726a00000, 0x0000000726c00000|  0%| F|  |TAMS 0x0000000726a00000| PB 0x0000000726a00000| Untracked 
| 310|0x0000000726c00000, 0x0000000726c00000, 0x0000000726e00000|  0%| F|  |TAMS 0x0000000726c00000| PB 0x0000000726c00000| Untracked 
| 311|0x0000000726e00000, 0x0000000726e00000, 0x0000000727000000|  0%| F|  |TAMS 0x0000000726e00000| PB 0x0000000726e00000| Untracked 
| 312|0x0000000727000000, 0x0000000727000000, 0x0000000727200000|  0%| F|  |TAMS 0x0000000727000000| PB 0x0000000727000000| Untracked 
| 313|0x0000000727200000, 0x0000000727200000, 0x0000000727400000|  0%| F|  |TAMS 0x0000000727200000| PB 0x0000000727200000| Untracked 
| 314|0x0000000727400000, 0x0000000727400000, 0x0000000727600000|  0%| F|  |TAMS 0x0000000727400000| PB 0x0000000727400000| Untracked 
| 315|0x0000000727600000, 0x0000000727600000, 0x0000000727800000|  0%| F|  |TAMS 0x0000000727600000| PB 0x0000000727600000| Untracked 
| 316|0x0000000727800000, 0x0000000727800000, 0x0000000727a00000|  0%| F|  |TAMS 0x0000000727800000| PB 0x0000000727800000| Untracked 
| 317|0x0000000727a00000, 0x0000000727a00000, 0x0000000727c00000|  0%| F|  |TAMS 0x0000000727a00000| PB 0x0000000727a00000| Untracked 
| 318|0x0000000727c00000, 0x0000000727c00000, 0x0000000727e00000|  0%| F|  |TAMS 0x0000000727c00000| PB 0x0000000727c00000| Untracked 
| 319|0x0000000727e00000, 0x0000000727e00000, 0x0000000728000000|  0%| F|  |TAMS 0x0000000727e00000| PB 0x0000000727e00000| Untracked 
| 320|0x0000000728000000, 0x0000000728000000, 0x0000000728200000|  0%| F|  |TAMS 0x0000000728000000| PB 0x0000000728000000| Untracked 
| 321|0x0000000728200000, 0x0000000728200000, 0x0000000728400000|  0%| F|  |TAMS 0x0000000728200000| PB 0x0000000728200000| Untracked 
| 322|0x0000000728400000, 0x0000000728400000, 0x0000000728600000|  0%| F|  |TAMS 0x0000000728400000| PB 0x0000000728400000| Untracked 
| 323|0x0000000728600000, 0x0000000728600000, 0x0000000728800000|  0%| F|  |TAMS 0x0000000728600000| PB 0x0000000728600000| Untracked 
| 324|0x0000000728800000, 0x0000000728800000, 0x0000000728a00000|  0%| F|  |TAMS 0x0000000728800000| PB 0x0000000728800000| Untracked 
| 325|0x0000000728a00000, 0x0000000728a00000, 0x0000000728c00000|  0%| F|  |TAMS 0x0000000728a00000| PB 0x0000000728a00000| Untracked 
| 326|0x0000000728c00000, 0x0000000728c00000, 0x0000000728e00000|  0%| F|  |TAMS 0x0000000728c00000| PB 0x0000000728c00000| Untracked 
| 327|0x0000000728e00000, 0x0000000728e00000, 0x0000000729000000|  0%| F|  |TAMS 0x0000000728e00000| PB 0x0000000728e00000| Untracked 
| 328|0x0000000729000000, 0x0000000729000000, 0x0000000729200000|  0%| F|  |TAMS 0x0000000729000000| PB 0x0000000729000000| Untracked 
| 329|0x0000000729200000, 0x0000000729200000, 0x0000000729400000|  0%| F|  |TAMS 0x0000000729200000| PB 0x0000000729200000| Untracked 
| 330|0x0000000729400000, 0x0000000729400000, 0x0000000729600000|  0%| F|  |TAMS 0x0000000729400000| PB 0x0000000729400000| Untracked 
| 331|0x0000000729600000, 0x0000000729600000, 0x0000000729800000|  0%| F|  |TAMS 0x0000000729600000| PB 0x0000000729600000| Untracked 
| 332|0x0000000729800000, 0x0000000729800000, 0x0000000729a00000|  0%| F|  |TAMS 0x0000000729800000| PB 0x0000000729800000| Untracked 
| 333|0x0000000729a00000, 0x0000000729a00000, 0x0000000729c00000|  0%| F|  |TAMS 0x0000000729a00000| PB 0x0000000729a00000| Untracked 
| 334|0x0000000729c00000, 0x0000000729c00000, 0x0000000729e00000|  0%| F|  |TAMS 0x0000000729c00000| PB 0x0000000729c00000| Untracked 
| 335|0x0000000729e00000, 0x0000000729e00000, 0x000000072a000000|  0%| F|  |TAMS 0x0000000729e00000| PB 0x0000000729e00000| Untracked 
| 336|0x000000072a000000, 0x000000072a000000, 0x000000072a200000|  0%| F|  |TAMS 0x000000072a000000| PB 0x000000072a000000| Untracked 
| 337|0x000000072a200000, 0x000000072a200000, 0x000000072a400000|  0%| F|  |TAMS 0x000000072a200000| PB 0x000000072a200000| Untracked 
| 338|0x000000072a400000, 0x000000072a400000, 0x000000072a600000|  0%| F|  |TAMS 0x000000072a400000| PB 0x000000072a400000| Untracked 
| 339|0x000000072a600000, 0x000000072a600000, 0x000000072a800000|  0%| F|  |TAMS 0x000000072a600000| PB 0x000000072a600000| Untracked 
| 340|0x000000072a800000, 0x000000072a800000, 0x000000072aa00000|  0%| F|  |TAMS 0x000000072a800000| PB 0x000000072a800000| Untracked 
| 341|0x000000072aa00000, 0x000000072aa00000, 0x000000072ac00000|  0%| F|  |TAMS 0x000000072aa00000| PB 0x000000072aa00000| Untracked 
| 342|0x000000072ac00000, 0x000000072ac00000, 0x000000072ae00000|  0%| F|  |TAMS 0x000000072ac00000| PB 0x000000072ac00000| Untracked 
| 343|0x000000072ae00000, 0x000000072ae00000, 0x000000072b000000|  0%| F|  |TAMS 0x000000072ae00000| PB 0x000000072ae00000| Untracked 
| 344|0x000000072b000000, 0x000000072b000000, 0x000000072b200000|  0%| F|  |TAMS 0x000000072b000000| PB 0x000000072b000000| Untracked 
| 345|0x000000072b200000, 0x000000072b200000, 0x000000072b400000|  0%| F|  |TAMS 0x000000072b200000| PB 0x000000072b200000| Untracked 
| 346|0x000000072b400000, 0x000000072b400000, 0x000000072b600000|  0%| F|  |TAMS 0x000000072b400000| PB 0x000000072b400000| Untracked 
| 347|0x000000072b600000, 0x000000072b600000, 0x000000072b800000|  0%| F|  |TAMS 0x000000072b600000| PB 0x000000072b600000| Untracked 
| 348|0x000000072b800000, 0x000000072b800000, 0x000000072ba00000|  0%| F|  |TAMS 0x000000072b800000| PB 0x000000072b800000| Untracked 
| 349|0x000000072ba00000, 0x000000072ba00000, 0x000000072bc00000|  0%| F|  |TAMS 0x000000072ba00000| PB 0x000000072ba00000| Untracked 
| 350|0x000000072bc00000, 0x000000072bc00000, 0x000000072be00000|  0%| F|  |TAMS 0x000000072bc00000| PB 0x000000072bc00000| Untracked 
| 351|0x000000072be00000, 0x000000072be00000, 0x000000072c000000|  0%| F|  |TAMS 0x000000072be00000| PB 0x000000072be00000| Untracked 
| 352|0x000000072c000000, 0x000000072c000000, 0x000000072c200000|  0%| F|  |TAMS 0x000000072c000000| PB 0x000000072c000000| Untracked 
| 353|0x000000072c200000, 0x000000072c200000, 0x000000072c400000|  0%| F|  |TAMS 0x000000072c200000| PB 0x000000072c200000| Untracked 
| 354|0x000000072c400000, 0x000000072c400000, 0x000000072c600000|  0%| F|  |TAMS 0x000000072c400000| PB 0x000000072c400000| Untracked 
| 355|0x000000072c600000, 0x000000072c600000, 0x000000072c800000|  0%| F|  |TAMS 0x000000072c600000| PB 0x000000072c600000| Untracked 
| 356|0x000000072c800000, 0x000000072c9cb130, 0x000000072ca00000| 89%| S|CS|TAMS 0x000000072c800000| PB 0x000000072c800000| Complete 
| 357|0x000000072ca00000, 0x000000072cc00000, 0x000000072cc00000|100%| S|CS|TAMS 0x000000072ca00000| PB 0x000000072ca00000| Complete 
| 358|0x000000072cc00000, 0x000000072ce00000, 0x000000072ce00000|100%| S|CS|TAMS 0x000000072cc00000| PB 0x000000072cc00000| Complete 
| 359|0x000000072ce00000, 0x000000072d000000, 0x000000072d000000|100%| S|CS|TAMS 0x000000072ce00000| PB 0x000000072ce00000| Complete 
| 360|0x000000072d000000, 0x000000072d200000, 0x000000072d200000|100%| S|CS|TAMS 0x000000072d000000| PB 0x000000072d000000| Complete 
| 361|0x000000072d200000, 0x000000072d400000, 0x000000072d400000|100%| S|CS|TAMS 0x000000072d200000| PB 0x000000072d200000| Complete 
| 362|0x000000072d400000, 0x000000072d600000, 0x000000072d600000|100%| S|CS|TAMS 0x000000072d400000| PB 0x000000072d400000| Complete 
| 363|0x000000072d600000, 0x000000072d800000, 0x000000072d800000|100%| S|CS|TAMS 0x000000072d600000| PB 0x000000072d600000| Complete 
| 364|0x000000072d800000, 0x000000072da00000, 0x000000072da00000|100%| S|CS|TAMS 0x000000072d800000| PB 0x000000072d800000| Complete 
| 365|0x000000072da00000, 0x000000072dc00000, 0x000000072dc00000|100%| S|CS|TAMS 0x000000072da00000| PB 0x000000072da00000| Complete 
| 366|0x000000072dc00000, 0x000000072de00000, 0x000000072de00000|100%| S|CS|TAMS 0x000000072dc00000| PB 0x000000072dc00000| Complete 
| 367|0x000000072de00000, 0x000000072e000000, 0x000000072e000000|100%| S|CS|TAMS 0x000000072de00000| PB 0x000000072de00000| Complete 
| 368|0x000000072e000000, 0x000000072e200000, 0x000000072e200000|100%| S|CS|TAMS 0x000000072e000000| PB 0x000000072e000000| Complete 
| 369|0x000000072e200000, 0x000000072e400000, 0x000000072e400000|100%| S|CS|TAMS 0x000000072e200000| PB 0x000000072e200000| Complete 
| 370|0x000000072e400000, 0x000000072e400000, 0x000000072e600000|  0%| F|  |TAMS 0x000000072e400000| PB 0x000000072e400000| Untracked 
| 371|0x000000072e600000, 0x000000072e600000, 0x000000072e800000|  0%| F|  |TAMS 0x000000072e600000| PB 0x000000072e600000| Untracked 
| 372|0x000000072e800000, 0x000000072e800000, 0x000000072ea00000|  0%| F|  |TAMS 0x000000072e800000| PB 0x000000072e800000| Untracked 
| 373|0x000000072ea00000, 0x000000072ea00000, 0x000000072ec00000|  0%| F|  |TAMS 0x000000072ea00000| PB 0x000000072ea00000| Untracked 
| 374|0x000000072ec00000, 0x000000072ec00000, 0x000000072ee00000|  0%| F|  |TAMS 0x000000072ec00000| PB 0x000000072ec00000| Untracked 
| 375|0x000000072ee00000, 0x000000072ee00000, 0x000000072f000000|  0%| F|  |TAMS 0x000000072ee00000| PB 0x000000072ee00000| Untracked 
| 376|0x000000072f000000, 0x000000072f000000, 0x000000072f200000|  0%| F|  |TAMS 0x000000072f000000| PB 0x000000072f000000| Untracked 
| 377|0x000000072f200000, 0x000000072f200000, 0x000000072f400000|  0%| F|  |TAMS 0x000000072f200000| PB 0x000000072f200000| Untracked 
| 378|0x000000072f400000, 0x000000072f400000, 0x000000072f600000|  0%| F|  |TAMS 0x000000072f400000| PB 0x000000072f400000| Untracked 
| 379|0x000000072f600000, 0x000000072f600000, 0x000000072f800000|  0%| F|  |TAMS 0x000000072f600000| PB 0x000000072f600000| Untracked 
| 380|0x000000072f800000, 0x000000072f800000, 0x000000072fa00000|  0%| F|  |TAMS 0x000000072f800000| PB 0x000000072f800000| Untracked 
| 381|0x000000072fa00000, 0x000000072fa00000, 0x000000072fc00000|  0%| F|  |TAMS 0x000000072fa00000| PB 0x000000072fa00000| Untracked 
| 382|0x000000072fc00000, 0x000000072fc00000, 0x000000072fe00000|  0%| F|  |TAMS 0x000000072fc00000| PB 0x000000072fc00000| Untracked 
| 383|0x000000072fe00000, 0x000000072fe00000, 0x0000000730000000|  0%| F|  |TAMS 0x000000072fe00000| PB 0x000000072fe00000| Untracked 
| 384|0x0000000730000000, 0x0000000730000000, 0x0000000730200000|  0%| F|  |TAMS 0x0000000730000000| PB 0x0000000730000000| Untracked 
| 385|0x0000000730200000, 0x0000000730200000, 0x0000000730400000|  0%| F|  |TAMS 0x0000000730200000| PB 0x0000000730200000| Untracked 
| 386|0x0000000730400000, 0x0000000730400000, 0x0000000730600000|  0%| F|  |TAMS 0x0000000730400000| PB 0x0000000730400000| Untracked 
| 387|0x0000000730600000, 0x0000000730600000, 0x0000000730800000|  0%| F|  |TAMS 0x0000000730600000| PB 0x0000000730600000| Untracked 
| 388|0x0000000730800000, 0x0000000730800000, 0x0000000730a00000|  0%| F|  |TAMS 0x0000000730800000| PB 0x0000000730800000| Untracked 
| 389|0x0000000730a00000, 0x0000000730a00000, 0x0000000730c00000|  0%| F|  |TAMS 0x0000000730a00000| PB 0x0000000730a00000| Untracked 
| 390|0x0000000730c00000, 0x0000000730c00000, 0x0000000730e00000|  0%| F|  |TAMS 0x0000000730c00000| PB 0x0000000730c00000| Untracked 
| 391|0x0000000730e00000, 0x0000000730e00000, 0x0000000731000000|  0%| F|  |TAMS 0x0000000730e00000| PB 0x0000000730e00000| Untracked 
| 392|0x0000000731000000, 0x0000000731000000, 0x0000000731200000|  0%| F|  |TAMS 0x0000000731000000| PB 0x0000000731000000| Untracked 
| 393|0x0000000731200000, 0x0000000731200000, 0x0000000731400000|  0%| F|  |TAMS 0x0000000731200000| PB 0x0000000731200000| Untracked 
| 394|0x0000000731400000, 0x0000000731400000, 0x0000000731600000|  0%| F|  |TAMS 0x0000000731400000| PB 0x0000000731400000| Untracked 
| 395|0x0000000731600000, 0x0000000731600000, 0x0000000731800000|  0%| F|  |TAMS 0x0000000731600000| PB 0x0000000731600000| Untracked 
| 396|0x0000000731800000, 0x0000000731800000, 0x0000000731a00000|  0%| F|  |TAMS 0x0000000731800000| PB 0x0000000731800000| Untracked 
| 397|0x0000000731a00000, 0x0000000731a00000, 0x0000000731c00000|  0%| F|  |TAMS 0x0000000731a00000| PB 0x0000000731a00000| Untracked 
| 398|0x0000000731c00000, 0x0000000731c00000, 0x0000000731e00000|  0%| F|  |TAMS 0x0000000731c00000| PB 0x0000000731c00000| Untracked 
| 399|0x0000000731e00000, 0x0000000731e00000, 0x0000000732000000|  0%| F|  |TAMS 0x0000000731e00000| PB 0x0000000731e00000| Untracked 
| 400|0x0000000732000000, 0x0000000732000000, 0x0000000732200000|  0%| F|  |TAMS 0x0000000732000000| PB 0x0000000732000000| Untracked 
| 401|0x0000000732200000, 0x0000000732200000, 0x0000000732400000|  0%| F|  |TAMS 0x0000000732200000| PB 0x0000000732200000| Untracked 
| 402|0x0000000732400000, 0x0000000732400000, 0x0000000732600000|  0%| F|  |TAMS 0x0000000732400000| PB 0x0000000732400000| Untracked 
| 403|0x0000000732600000, 0x0000000732600000, 0x0000000732800000|  0%| F|  |TAMS 0x0000000732600000| PB 0x0000000732600000| Untracked 
| 404|0x0000000732800000, 0x0000000732800000, 0x0000000732a00000|  0%| F|  |TAMS 0x0000000732800000| PB 0x0000000732800000| Untracked 
| 405|0x0000000732a00000, 0x0000000732a00000, 0x0000000732c00000|  0%| F|  |TAMS 0x0000000732a00000| PB 0x0000000732a00000| Untracked 
| 406|0x0000000732c00000, 0x0000000732c00000, 0x0000000732e00000|  0%| F|  |TAMS 0x0000000732c00000| PB 0x0000000732c00000| Untracked 
| 407|0x0000000732e00000, 0x0000000732e00000, 0x0000000733000000|  0%| F|  |TAMS 0x0000000732e00000| PB 0x0000000732e00000| Untracked 
| 408|0x0000000733000000, 0x0000000733000000, 0x0000000733200000|  0%| F|  |TAMS 0x0000000733000000| PB 0x0000000733000000| Untracked 
| 409|0x0000000733200000, 0x0000000733200000, 0x0000000733400000|  0%| F|  |TAMS 0x0000000733200000| PB 0x0000000733200000| Untracked 
| 410|0x0000000733400000, 0x0000000733400000, 0x0000000733600000|  0%| F|  |TAMS 0x0000000733400000| PB 0x0000000733400000| Untracked 
| 411|0x0000000733600000, 0x0000000733600000, 0x0000000733800000|  0%| F|  |TAMS 0x0000000733600000| PB 0x0000000733600000| Untracked 
| 412|0x0000000733800000, 0x0000000733800000, 0x0000000733a00000|  0%| F|  |TAMS 0x0000000733800000| PB 0x0000000733800000| Untracked 
| 413|0x0000000733a00000, 0x0000000733a00000, 0x0000000733c00000|  0%| F|  |TAMS 0x0000000733a00000| PB 0x0000000733a00000| Untracked 
| 414|0x0000000733c00000, 0x0000000733c00000, 0x0000000733e00000|  0%| F|  |TAMS 0x0000000733c00000| PB 0x0000000733c00000| Untracked 
| 415|0x0000000733e00000, 0x0000000733e00000, 0x0000000734000000|  0%| F|  |TAMS 0x0000000733e00000| PB 0x0000000733e00000| Untracked 
| 416|0x0000000734000000, 0x0000000734000000, 0x0000000734200000|  0%| F|  |TAMS 0x0000000734000000| PB 0x0000000734000000| Untracked 
| 417|0x0000000734200000, 0x0000000734200000, 0x0000000734400000|  0%| F|  |TAMS 0x0000000734200000| PB 0x0000000734200000| Untracked 
| 418|0x0000000734400000, 0x0000000734400000, 0x0000000734600000|  0%| F|  |TAMS 0x0000000734400000| PB 0x0000000734400000| Untracked 
| 419|0x0000000734600000, 0x0000000734600000, 0x0000000734800000|  0%| F|  |TAMS 0x0000000734600000| PB 0x0000000734600000| Untracked 
| 420|0x0000000734800000, 0x0000000734800000, 0x0000000734a00000|  0%| F|  |TAMS 0x0000000734800000| PB 0x0000000734800000| Untracked 
| 421|0x0000000734a00000, 0x0000000734a00000, 0x0000000734c00000|  0%| F|  |TAMS 0x0000000734a00000| PB 0x0000000734a00000| Untracked 
| 422|0x0000000734c00000, 0x0000000734c00000, 0x0000000734e00000|  0%| F|  |TAMS 0x0000000734c00000| PB 0x0000000734c00000| Untracked 
| 423|0x0000000734e00000, 0x0000000734e00000, 0x0000000735000000|  0%| F|  |TAMS 0x0000000734e00000| PB 0x0000000734e00000| Untracked 
| 424|0x0000000735000000, 0x0000000735000000, 0x0000000735200000|  0%| F|  |TAMS 0x0000000735000000| PB 0x0000000735000000| Untracked 
| 425|0x0000000735200000, 0x0000000735200000, 0x0000000735400000|  0%| F|  |TAMS 0x0000000735200000| PB 0x0000000735200000| Untracked 
| 426|0x0000000735400000, 0x0000000735400000, 0x0000000735600000|  0%| F|  |TAMS 0x0000000735400000| PB 0x0000000735400000| Untracked 
| 427|0x0000000735600000, 0x0000000735600000, 0x0000000735800000|  0%| F|  |TAMS 0x0000000735600000| PB 0x0000000735600000| Untracked 
| 428|0x0000000735800000, 0x0000000735800000, 0x0000000735a00000|  0%| F|  |TAMS 0x0000000735800000| PB 0x0000000735800000| Untracked 
| 429|0x0000000735a00000, 0x0000000735a00000, 0x0000000735c00000|  0%| F|  |TAMS 0x0000000735a00000| PB 0x0000000735a00000| Untracked 
| 430|0x0000000735c00000, 0x0000000735c00000, 0x0000000735e00000|  0%| F|  |TAMS 0x0000000735c00000| PB 0x0000000735c00000| Untracked 
| 431|0x0000000735e00000, 0x0000000735e00000, 0x0000000736000000|  0%| F|  |TAMS 0x0000000735e00000| PB 0x0000000735e00000| Untracked 
| 432|0x0000000736000000, 0x0000000736000000, 0x0000000736200000|  0%| F|  |TAMS 0x0000000736000000| PB 0x0000000736000000| Untracked 
| 433|0x0000000736200000, 0x0000000736200000, 0x0000000736400000|  0%| F|  |TAMS 0x0000000736200000| PB 0x0000000736200000| Untracked 
| 434|0x0000000736400000, 0x0000000736400000, 0x0000000736600000|  0%| F|  |TAMS 0x0000000736400000| PB 0x0000000736400000| Untracked 
| 435|0x0000000736600000, 0x0000000736600000, 0x0000000736800000|  0%| F|  |TAMS 0x0000000736600000| PB 0x0000000736600000| Untracked 
| 436|0x0000000736800000, 0x0000000736800000, 0x0000000736a00000|  0%| F|  |TAMS 0x0000000736800000| PB 0x0000000736800000| Untracked 
| 437|0x0000000736a00000, 0x0000000736a00000, 0x0000000736c00000|  0%| F|  |TAMS 0x0000000736a00000| PB 0x0000000736a00000| Untracked 
| 438|0x0000000736c00000, 0x0000000736c00000, 0x0000000736e00000|  0%| F|  |TAMS 0x0000000736c00000| PB 0x0000000736c00000| Untracked 
| 439|0x0000000736e00000, 0x0000000736e00000, 0x0000000737000000|  0%| F|  |TAMS 0x0000000736e00000| PB 0x0000000736e00000| Untracked 
| 440|0x0000000737000000, 0x0000000737000000, 0x0000000737200000|  0%| F|  |TAMS 0x0000000737000000| PB 0x0000000737000000| Untracked 
| 441|0x0000000737200000, 0x0000000737200000, 0x0000000737400000|  0%| F|  |TAMS 0x0000000737200000| PB 0x0000000737200000| Untracked 
| 442|0x0000000737400000, 0x0000000737400000, 0x0000000737600000|  0%| F|  |TAMS 0x0000000737400000| PB 0x0000000737400000| Untracked 
| 443|0x0000000737600000, 0x0000000737600000, 0x0000000737800000|  0%| F|  |TAMS 0x0000000737600000| PB 0x0000000737600000| Untracked 
| 444|0x0000000737800000, 0x0000000737800000, 0x0000000737a00000|  0%| F|  |TAMS 0x0000000737800000| PB 0x0000000737800000| Untracked 
| 445|0x0000000737a00000, 0x0000000737a00000, 0x0000000737c00000|  0%| F|  |TAMS 0x0000000737a00000| PB 0x0000000737a00000| Untracked 
| 446|0x0000000737c00000, 0x0000000737c00000, 0x0000000737e00000|  0%| F|  |TAMS 0x0000000737c00000| PB 0x0000000737c00000| Untracked 
| 447|0x0000000737e00000, 0x0000000737e00000, 0x0000000738000000|  0%| F|  |TAMS 0x0000000737e00000| PB 0x0000000737e00000| Untracked 
| 448|0x0000000738000000, 0x0000000738000000, 0x0000000738200000|  0%| F|  |TAMS 0x0000000738000000| PB 0x0000000738000000| Untracked 
| 449|0x0000000738200000, 0x0000000738200000, 0x0000000738400000|  0%| F|  |TAMS 0x0000000738200000| PB 0x0000000738200000| Untracked 
| 450|0x0000000738400000, 0x0000000738400000, 0x0000000738600000|  0%| F|  |TAMS 0x0000000738400000| PB 0x0000000738400000| Untracked 
| 451|0x0000000738600000, 0x0000000738600000, 0x0000000738800000|  0%| F|  |TAMS 0x0000000738600000| PB 0x0000000738600000| Untracked 
| 452|0x0000000738800000, 0x0000000738800000, 0x0000000738a00000|  0%| F|  |TAMS 0x0000000738800000| PB 0x0000000738800000| Untracked 
| 453|0x0000000738a00000, 0x0000000738a00000, 0x0000000738c00000|  0%| F|  |TAMS 0x0000000738a00000| PB 0x0000000738a00000| Untracked 
| 454|0x0000000738c00000, 0x0000000738c00000, 0x0000000738e00000|  0%| F|  |TAMS 0x0000000738c00000| PB 0x0000000738c00000| Untracked 
| 455|0x0000000738e00000, 0x0000000738e00000, 0x0000000739000000|  0%| F|  |TAMS 0x0000000738e00000| PB 0x0000000738e00000| Untracked 
| 456|0x0000000739000000, 0x0000000739000000, 0x0000000739200000|  0%| F|  |TAMS 0x0000000739000000| PB 0x0000000739000000| Untracked 
| 457|0x0000000739200000, 0x0000000739200000, 0x0000000739400000|  0%| F|  |TAMS 0x0000000739200000| PB 0x0000000739200000| Untracked 
| 458|0x0000000739400000, 0x0000000739400000, 0x0000000739600000|  0%| F|  |TAMS 0x0000000739400000| PB 0x0000000739400000| Untracked 
| 459|0x0000000739600000, 0x0000000739600000, 0x0000000739800000|  0%| F|  |TAMS 0x0000000739600000| PB 0x0000000739600000| Untracked 
| 460|0x0000000739800000, 0x0000000739800000, 0x0000000739a00000|  0%| F|  |TAMS 0x0000000739800000| PB 0x0000000739800000| Untracked 
| 461|0x0000000739a00000, 0x0000000739a00000, 0x0000000739c00000|  0%| F|  |TAMS 0x0000000739a00000| PB 0x0000000739a00000| Untracked 
| 462|0x0000000739c00000, 0x0000000739c00000, 0x0000000739e00000|  0%| F|  |TAMS 0x0000000739c00000| PB 0x0000000739c00000| Untracked 
| 463|0x0000000739e00000, 0x0000000739e00000, 0x000000073a000000|  0%| F|  |TAMS 0x0000000739e00000| PB 0x0000000739e00000| Untracked 
| 464|0x000000073a000000, 0x000000073a000000, 0x000000073a200000|  0%| F|  |TAMS 0x000000073a000000| PB 0x000000073a000000| Untracked 
| 465|0x000000073a200000, 0x000000073a200000, 0x000000073a400000|  0%| F|  |TAMS 0x000000073a200000| PB 0x000000073a200000| Untracked 
| 466|0x000000073a400000, 0x000000073a400000, 0x000000073a600000|  0%| F|  |TAMS 0x000000073a400000| PB 0x000000073a400000| Untracked 
| 467|0x000000073a600000, 0x000000073a600000, 0x000000073a800000|  0%| F|  |TAMS 0x000000073a600000| PB 0x000000073a600000| Untracked 
| 468|0x000000073a800000, 0x000000073a800000, 0x000000073aa00000|  0%| F|  |TAMS 0x000000073a800000| PB 0x000000073a800000| Untracked 
| 469|0x000000073aa00000, 0x000000073aa00000, 0x000000073ac00000|  0%| F|  |TAMS 0x000000073aa00000| PB 0x000000073aa00000| Untracked 
| 470|0x000000073ac00000, 0x000000073ac00000, 0x000000073ae00000|  0%| F|  |TAMS 0x000000073ac00000| PB 0x000000073ac00000| Untracked 
| 471|0x000000073ae00000, 0x000000073ae00000, 0x000000073b000000|  0%| F|  |TAMS 0x000000073ae00000| PB 0x000000073ae00000| Untracked 
| 472|0x000000073b000000, 0x000000073b000000, 0x000000073b200000|  0%| F|  |TAMS 0x000000073b000000| PB 0x000000073b000000| Untracked 
| 473|0x000000073b200000, 0x000000073b200000, 0x000000073b400000|  0%| F|  |TAMS 0x000000073b200000| PB 0x000000073b200000| Untracked 
| 474|0x000000073b400000, 0x000000073b400000, 0x000000073b600000|  0%| F|  |TAMS 0x000000073b400000| PB 0x000000073b400000| Untracked 
| 475|0x000000073b600000, 0x000000073b600000, 0x000000073b800000|  0%| F|  |TAMS 0x000000073b600000| PB 0x000000073b600000| Untracked 
| 476|0x000000073b800000, 0x000000073b800000, 0x000000073ba00000|  0%| F|  |TAMS 0x000000073b800000| PB 0x000000073b800000| Untracked 
| 477|0x000000073ba00000, 0x000000073ba00000, 0x000000073bc00000|  0%| F|  |TAMS 0x000000073ba00000| PB 0x000000073ba00000| Untracked 
| 478|0x000000073bc00000, 0x000000073bc00000, 0x000000073be00000|  0%| F|  |TAMS 0x000000073bc00000| PB 0x000000073bc00000| Untracked 
| 479|0x000000073be00000, 0x000000073be00000, 0x000000073c000000|  0%| F|  |TAMS 0x000000073be00000| PB 0x000000073be00000| Untracked 
| 480|0x000000073c000000, 0x000000073c000000, 0x000000073c200000|  0%| F|  |TAMS 0x000000073c000000| PB 0x000000073c000000| Untracked 
| 481|0x000000073c200000, 0x000000073c200000, 0x000000073c400000|  0%| F|  |TAMS 0x000000073c200000| PB 0x000000073c200000| Untracked 
| 482|0x000000073c400000, 0x000000073c400000, 0x000000073c600000|  0%| F|  |TAMS 0x000000073c400000| PB 0x000000073c400000| Untracked 
| 483|0x000000073c600000, 0x000000073c600000, 0x000000073c800000|  0%| F|  |TAMS 0x000000073c600000| PB 0x000000073c600000| Untracked 
| 484|0x000000073c800000, 0x000000073c800000, 0x000000073ca00000|  0%| F|  |TAMS 0x000000073c800000| PB 0x000000073c800000| Untracked 
| 485|0x000000073ca00000, 0x000000073ca00000, 0x000000073cc00000|  0%| F|  |TAMS 0x000000073ca00000| PB 0x000000073ca00000| Untracked 
| 486|0x000000073cc00000, 0x000000073cc00000, 0x000000073ce00000|  0%| F|  |TAMS 0x000000073cc00000| PB 0x000000073cc00000| Untracked 
| 487|0x000000073ce00000, 0x000000073ce00000, 0x000000073d000000|  0%| F|  |TAMS 0x000000073ce00000| PB 0x000000073ce00000| Untracked 
| 488|0x000000073d000000, 0x000000073d000000, 0x000000073d200000|  0%| F|  |TAMS 0x000000073d000000| PB 0x000000073d000000| Untracked 
| 489|0x000000073d200000, 0x000000073d200000, 0x000000073d400000|  0%| F|  |TAMS 0x000000073d200000| PB 0x000000073d200000| Untracked 
| 490|0x000000073d400000, 0x000000073d400000, 0x000000073d600000|  0%| F|  |TAMS 0x000000073d400000| PB 0x000000073d400000| Untracked 
| 491|0x000000073d600000, 0x000000073d600000, 0x000000073d800000|  0%| F|  |TAMS 0x000000073d600000| PB 0x000000073d600000| Untracked 
| 492|0x000000073d800000, 0x000000073d800000, 0x000000073da00000|  0%| F|  |TAMS 0x000000073d800000| PB 0x000000073d800000| Untracked 
| 493|0x000000073da00000, 0x000000073da00000, 0x000000073dc00000|  0%| F|  |TAMS 0x000000073da00000| PB 0x000000073da00000| Untracked 
| 494|0x000000073dc00000, 0x000000073dc00000, 0x000000073de00000|  0%| F|  |TAMS 0x000000073dc00000| PB 0x000000073dc00000| Untracked 
| 495|0x000000073de00000, 0x000000073de00000, 0x000000073e000000|  0%| F|  |TAMS 0x000000073de00000| PB 0x000000073de00000| Untracked 
| 496|0x000000073e000000, 0x000000073e000000, 0x000000073e200000|  0%| F|  |TAMS 0x000000073e000000| PB 0x000000073e000000| Untracked 
| 497|0x000000073e200000, 0x000000073e200000, 0x000000073e400000|  0%| F|  |TAMS 0x000000073e200000| PB 0x000000073e200000| Untracked 
| 498|0x000000073e400000, 0x000000073e400000, 0x000000073e600000|  0%| F|  |TAMS 0x000000073e400000| PB 0x000000073e400000| Untracked 
| 499|0x000000073e600000, 0x000000073e600000, 0x000000073e800000|  0%| F|  |TAMS 0x000000073e600000| PB 0x000000073e600000| Untracked 
| 500|0x000000073e800000, 0x000000073e800000, 0x000000073ea00000|  0%| F|  |TAMS 0x000000073e800000| PB 0x000000073e800000| Untracked 
| 501|0x000000073ea00000, 0x000000073ea00000, 0x000000073ec00000|  0%| F|  |TAMS 0x000000073ea00000| PB 0x000000073ea00000| Untracked 
| 502|0x000000073ec00000, 0x000000073ec00000, 0x000000073ee00000|  0%| F|  |TAMS 0x000000073ec00000| PB 0x000000073ec00000| Untracked 
| 503|0x000000073ee00000, 0x000000073ee00000, 0x000000073f000000|  0%| F|  |TAMS 0x000000073ee00000| PB 0x000000073ee00000| Untracked 
| 504|0x000000073f000000, 0x000000073f000000, 0x000000073f200000|  0%| F|  |TAMS 0x000000073f000000| PB 0x000000073f000000| Untracked 
| 505|0x000000073f200000, 0x000000073f200000, 0x000000073f400000|  0%| F|  |TAMS 0x000000073f200000| PB 0x000000073f200000| Untracked 
| 506|0x000000073f400000, 0x000000073f400000, 0x000000073f600000|  0%| F|  |TAMS 0x000000073f400000| PB 0x000000073f400000| Untracked 
| 507|0x000000073f600000, 0x000000073f600000, 0x000000073f800000|  0%| F|  |TAMS 0x000000073f600000| PB 0x000000073f600000| Untracked 
| 508|0x000000073f800000, 0x000000073f800000, 0x000000073fa00000|  0%| F|  |TAMS 0x000000073f800000| PB 0x000000073f800000| Untracked 
| 509|0x000000073fa00000, 0x000000073fa00000, 0x000000073fc00000|  0%| F|  |TAMS 0x000000073fa00000| PB 0x000000073fa00000| Untracked 
| 510|0x000000073fc00000, 0x000000073fc00000, 0x000000073fe00000|  0%| F|  |TAMS 0x000000073fc00000| PB 0x000000073fc00000| Untracked 
| 511|0x000000073fe00000, 0x000000073fe00000, 0x0000000740000000|  0%| F|  |TAMS 0x000000073fe00000| PB 0x000000073fe00000| Untracked 
| 512|0x0000000740000000, 0x0000000740000000, 0x0000000740200000|  0%| F|  |TAMS 0x0000000740000000| PB 0x0000000740000000| Untracked 
| 513|0x0000000740200000, 0x0000000740200000, 0x0000000740400000|  0%| F|  |TAMS 0x0000000740200000| PB 0x0000000740200000| Untracked 
| 514|0x0000000740400000, 0x0000000740400000, 0x0000000740600000|  0%| F|  |TAMS 0x0000000740400000| PB 0x0000000740400000| Untracked 
|2040|0x00000007ff000000, 0x00000007ff200000, 0x00000007ff200000|100%| O|  |TAMS 0x00000007ff000000| PB 0x00000007ff000000| Untracked 
|2041|0x00000007ff200000, 0x00000007ff400000, 0x00000007ff400000|100%| O|  |TAMS 0x00000007ff200000| PB 0x00000007ff200000| Untracked 
|2042|0x00000007ff400000, 0x00000007ff600000, 0x00000007ff600000|100%| O|  |TAMS 0x00000007ff400000| PB 0x00000007ff400000| Untracked 
|2043|0x00000007ff600000, 0x00000007ff800000, 0x00000007ff800000|100%| O|  |TAMS 0x00000007ff600000| PB 0x00000007ff600000| Untracked 
|2044|0x00000007ff800000, 0x00000007ffa00000, 0x00000007ffa00000|100%| O|  |TAMS 0x00000007ff800000| PB 0x00000007ff800000| Untracked 
|2045|0x00000007ffa00000, 0x00000007ffa00000, 0x00000007ffc00000|  0%| F|  |TAMS 0x00000007ffa00000| PB 0x00000007ffa00000| Untracked 
|2047|0x00000007ffe00000, 0x00000007ffe00000, 0x0000000800000000|  0%| F|  |TAMS 0x00000007ffe00000| PB 0x00000007ffe00000| Untracked 

Card table byte_map: [0x00000225aa3c0000,0x00000225aabc0000] _byte_map_base: 0x00000225a6bc0000

Marking Bits: (CMBitMap*) 0x0000022592764db0
 Bits: [0x00000225aabc0000, 0x00000225aebc0000)

Polling page: 0x00000225904d0000

Metaspace:

Usage:
  Non-class:     64.48 MB used.
      Class:     10.07 MB used.
       Both:     74.54 MB used.

Virtual space:
  Non-class space:      128.00 MB reserved,      65.50 MB ( 51%) committed,  2 nodes.
      Class space:        1.00 GB reserved,      11.12 MB (  1%) committed,  1 nodes.
             Both:        1.12 GB reserved,      76.62 MB (  7%) committed. 

Chunk freelists:
   Non-Class:  13.56 MB
       Class:  4.94 MB
        Both:  18.50 MB

MaxMetaspaceSize: unlimited
CompressedClassSpaceSize: 1.00 GB
Initial GC threshold: 21.00 MB
Current GC threshold: 125.88 MB
CDS: on
 - commit_granule_bytes: 65536.
 - commit_granule_words: 8192.
 - virtual_space_node_default_size: 8388608.
 - enlarge_chunks_in_place: 1.
 - use_allocation_guard: 0.


Internal statistics:

num_allocs_failed_limit: 6.
num_arena_births: 3718.
num_arena_deaths: 0.
num_vsnodes_births: 3.
num_vsnodes_deaths: 0.
num_space_committed: 1226.
num_space_uncommitted: 0.
num_chunks_returned_to_freelist: 6.
num_chunks_taken_from_freelist: 7224.
num_chunk_merges: 6.
num_chunk_splits: 4628.
num_chunks_enlarged: 2771.
num_inconsistent_stats: 0.

CodeHeap 'non-profiled nmethods': size=120000Kb used=7066Kb max_used=7066Kb free=112933Kb
 bounds [0x00000225a2690000, 0x00000225a2d80000, 0x00000225a9bc0000]
CodeHeap 'profiled nmethods': size=120000Kb used=19353Kb max_used=19353Kb free=100646Kb
 bounds [0x000002259abc0000, 0x000002259beb0000, 0x00000225a20f0000]
CodeHeap 'non-nmethods': size=5760Kb used=2861Kb max_used=2921Kb free=2898Kb
 bounds [0x00000225a20f0000, 0x00000225a23e0000, 0x00000225a2690000]
 total_blobs=10573 nmethods=9619 adapters=859
 compilation: enabled
              stopped_count=0, restarted_count=0
 full_count=0

Compilation events (20 events):
Event: 38.113 Thread 0x00000225f2155bd0 11415       3       kotlinx.coroutines.internal.LockFreeTaskQueueCore$Companion::updateHead (14 bytes)
Event: 38.113 Thread 0x00000225f2155bd0 nmethod 11415 0x000002259bea2c10 code [0x000002259bea2dc0, 0x000002259bea2f10]
Event: 38.113 Thread 0x00000225f2155bd0 11418       3       xyz.wagyourtail.commonskt.utils.coroutines.CollectionUtilsKt$parallelMap$2$1$1::invokeSuspend (78 bytes)
Event: 38.113 Thread 0x00000225f2155bd0 nmethod 11418 0x000002259bea3010 code [0x000002259bea3240, 0x000002259bea3b88]
Event: 38.113 Thread 0x00000225f2155bd0 11419       3       xyz.wagyourtail.unimined.mapping.propagator.InheritanceTree$propagate$2$1::invoke (13 bytes)
Event: 38.114 Thread 0x00000225f2155bd0 nmethod 11419 0x000002259bea3e10 code [0x000002259bea4000, 0x000002259bea44d8]
Event: 38.114 Thread 0x00000225f2155bd0 11420       3       xyz.wagyourtail.unimined.mapping.propagator.InheritanceTree$propagate$2$1::invoke (16 bytes)
Event: 38.114 Thread 0x00000225f2155bd0 nmethod 11420 0x000002259bea4610 code [0x000002259bea47e0, 0x000002259bea4a58]
Event: 38.114 Thread 0x00000225f2155bd0 11421       3       xyz.wagyourtail.unimined.mapping.propagator.InheritanceTree$propagate$2$1::create (23 bytes)
Event: 38.114 Thread 0x00000225f934bcf0 nmethod 11364 0x00000225a2d71f10 code [0x00000225a2d72260, 0x00000225a2d748c0]
Event: 38.114 Thread 0x00000225f2155bd0 nmethod 11421 0x000002259bea4b90 code [0x000002259bea4d80, 0x000002259bea5428]
Event: 38.114 Thread 0x00000225f934bcf0 11423       4       java.util.ArrayList::fastRemove (44 bytes)
Event: 38.114 Thread 0x00000225f2155bd0 11422       3       xyz.wagyourtail.unimined.mapping.propagator.InheritanceTree$propagate$2$1::invokeSuspend (88 bytes)
Event: 38.115 Thread 0x00000225f2155bd0 nmethod 11422 0x000002259bea5690 code [0x000002259bea58c0, 0x000002259bea6278]
Event: 38.116 Thread 0x00000225f934bcf0 nmethod 11423 0x00000225a2d75a90 code [0x00000225a2d75c20, 0x00000225a2d75e08]
Event: 38.116 Thread 0x00000225f934bcf0 11380       4       java.util.LinkedHashMap$LinkedKeySet::contains (9 bytes)
Event: 38.121 Thread 0x00000225f934bcf0 nmethod 11380 0x00000225a2d75f10 code [0x00000225a2d760c0, 0x00000225a2d763e0]
Event: 38.121 Thread 0x00000225f934bcf0 11385       4       java.util.HashMap::calculateHashMapCapacity (11 bytes)
Event: 38.122 Thread 0x00000225f934bcf0 nmethod 11385 0x00000225a2d76610 code [0x00000225a2d767e0, 0x00000225a2d76920]
Event: 38.122 Thread 0x00000225f934bcf0 11409       4       kotlin.collections.CollectionsKt___CollectionsKt::firstOrNull (63 bytes)

GC Heap History (20 events):
Event: 26.947 GC heap after
{Heap after GC invocations=34 (full 0):
 garbage-first heap   total 534528K, used 138986K [0x0000000700000000, 0x0000000800000000)
  region size 2048K, 4 young (8192K), 4 survivors (8192K)
 Metaspace       used 74466K, committed 76544K, reserved 1114112K
  class space    used 10175K, committed 11200K, reserved 1048576K
}
Event: 28.563 GC heap before
{Heap before GC invocations=35 (full 0):
 garbage-first heap   total 512000K, used 384746K [0x0000000700000000, 0x0000000800000000)
  region size 2048K, 125 young (256000K), 4 survivors (8192K)
 Metaspace       used 74478K, committed 76544K, reserved 1114112K
  class space    used 10175K, committed 11200K, reserved 1048576K
}
Event: 28.662 GC heap after
{Heap after GC invocations=36 (full 0):
 garbage-first heap   total 512000K, used 170517K [0x0000000700000000, 0x0000000800000000)
  region size 2048K, 16 young (32768K), 16 survivors (32768K)
 Metaspace       used 74478K, committed 76544K, reserved 1114112K
  class space    used 10175K, committed 11200K, reserved 1048576K
}
Event: 29.153 GC heap before
{Heap before GC invocations=36 (full 0):
 garbage-first heap   total 512000K, used 369173K [0x0000000700000000, 0x0000000800000000)
  region size 2048K, 113 young (231424K), 16 survivors (32768K)
 Metaspace       used 74478K, committed 76544K, reserved 1114112K
  class space    used 10175K, committed 11200K, reserved 1048576K
}
Event: 29.250 GC heap after
{Heap after GC invocations=37 (full 0):
 garbage-first heap   total 512000K, used 200426K [0x0000000700000000, 0x0000000800000000)
  region size 2048K, 15 young (30720K), 15 survivors (30720K)
 Metaspace       used 74478K, committed 76544K, reserved 1114112K
  class space    used 10175K, committed 11200K, reserved 1048576K
}
Event: 29.652 GC heap before
{Heap before GC invocations=37 (full 0):
 garbage-first heap   total 512000K, used 368362K [0x0000000700000000, 0x0000000800000000)
  region size 2048K, 97 young (198656K), 15 survivors (30720K)
 Metaspace       used 74496K, committed 76608K, reserved 1114112K
  class space    used 10177K, committed 11200K, reserved 1048576K
}
Event: 29.749 GC heap after
{Heap after GC invocations=38 (full 0):
 garbage-first heap   total 512000K, used 226026K [0x0000000700000000, 0x0000000800000000)
  region size 2048K, 13 young (26624K), 13 survivors (26624K)
 Metaspace       used 74496K, committed 76608K, reserved 1114112K
  class space    used 10177K, committed 11200K, reserved 1048576K
}
Event: 30.144 GC heap before
{Heap before GC invocations=38 (full 0):
 garbage-first heap   total 512000K, used 420586K [0x0000000700000000, 0x0000000800000000)
  region size 2048K, 108 young (221184K), 13 survivors (26624K)
 Metaspace       used 74496K, committed 76608K, reserved 1114112K
  class space    used 10177K, committed 11200K, reserved 1048576K
}
Event: 30.217 GC heap after
{Heap after GC invocations=39 (full 0):
 garbage-first heap   total 512000K, used 251626K [0x0000000700000000, 0x0000000800000000)
  region size 2048K, 14 young (28672K), 14 survivors (28672K)
 Metaspace       used 74496K, committed 76608K, reserved 1114112K
  class space    used 10177K, committed 11200K, reserved 1048576K
}
Event: 30.448 GC heap before
{Heap before GC invocations=39 (full 0):
 garbage-first heap   total 512000K, used 394986K [0x0000000700000000, 0x0000000800000000)
  region size 2048K, 85 young (174080K), 14 survivors (28672K)
 Metaspace       used 74497K, committed 76608K, reserved 1114112K
  class space    used 10177K, committed 11200K, reserved 1048576K
}
Event: 30.509 GC heap after
{Heap after GC invocations=40 (full 0):
 garbage-first heap   total 1069056K, used 272106K [0x0000000700000000, 0x0000000800000000)
  region size 2048K, 10 young (20480K), 10 survivors (20480K)
 Metaspace       used 74497K, committed 76608K, reserved 1114112K
  class space    used 10177K, committed 11200K, reserved 1048576K
}
Event: 32.473 GC heap before
{Heap before GC invocations=40 (full 0):
 garbage-first heap   total 1069056K, used 816874K [0x0000000700000000, 0x0000000800000000)
  region size 2048K, 251 young (514048K), 10 survivors (20480K)
 Metaspace       used 74850K, committed 76992K, reserved 1179648K
  class space    used 10212K, committed 11264K, reserved 1048576K
}
Event: 32.830 GC heap after
{Heap after GC invocations=41 (full 0):
 garbage-first heap   total 1069056K, used 415466K [0x0000000700000000, 0x0000000800000000)
  region size 2048K, 32 young (65536K), 32 survivors (65536K)
 Metaspace       used 74850K, committed 76992K, reserved 1179648K
  class space    used 10212K, committed 11264K, reserved 1048576K
}
Event: 33.801 GC heap before
{Heap before GC invocations=41 (full 0):
 garbage-first heap   total 1069056K, used 681706K [0x0000000700000000, 0x0000000800000000)
  region size 2048K, 162 young (331776K), 32 survivors (65536K)
 Metaspace       used 75027K, committed 77184K, reserved 1179648K
  class space    used 10228K, committed 11264K, reserved 1048576K
}
Event: 34.031 GC heap after
{Heap after GC invocations=42 (full 0):
 garbage-first heap   total 1069056K, used 479978K [0x0000000700000000, 0x0000000800000000)
  region size 2048K, 21 young (43008K), 21 survivors (43008K)
 Metaspace       used 75027K, committed 77184K, reserved 1179648K
  class space    used 10228K, committed 11264K, reserved 1048576K
}
Event: 36.150 GC heap before
{Heap before GC invocations=43 (full 0):
 garbage-first heap   total 1069056K, used 703210K [0x0000000700000000, 0x0000000800000000)
  region size 2048K, 136 young (278528K), 21 survivors (43008K)
 Metaspace       used 75773K, committed 77888K, reserved 1179648K
  class space    used 10272K, committed 11328K, reserved 1048576K
}
Event: 36.336 GC heap after
{Heap after GC invocations=44 (full 0):
 garbage-first heap   total 1069056K, used 504554K [0x0000000700000000, 0x0000000800000000)
  region size 2048K, 17 young (34816K), 17 survivors (34816K)
 Metaspace       used 75773K, committed 77888K, reserved 1179648K
  class space    used 10272K, committed 11328K, reserved 1048576K
}
Event: 36.923 GC heap before
{Heap before GC invocations=44 (full 0):
 garbage-first heap   total 1069056K, used 719594K [0x0000000700000000, 0x0000000800000000)
  region size 2048K, 122 young (249856K), 17 survivors (34816K)
 Metaspace       used 75773K, committed 77888K, reserved 1179648K
  class space    used 10272K, committed 11328K, reserved 1048576K
}
Event: 37.004 GC heap after
{Heap after GC invocations=45 (full 0):
 garbage-first heap   total 1069056K, used 513770K [0x0000000700000000, 0x0000000800000000)
  region size 2048K, 6 young (12288K), 6 survivors (12288K)
 Metaspace       used 75773K, committed 77888K, reserved 1179648K
  class space    used 10272K, committed 11328K, reserved 1048576K
}
Event: 38.127 GC heap before
{Heap before GC invocations=45 (full 0):
 garbage-first heap   total 1069056K, used 802538K [0x0000000700000000, 0x0000000800000000)
  region size 2048K, 147 young (301056K), 6 survivors (12288K)
 Metaspace       used 76332K, committed 78464K, reserved 1179648K
  class space    used 10308K, committed 11392K, reserved 1048576K
}

Dll operation events (15 events):
Event: 0.015 Loaded shared library C:\Program Files\Java\jdk-21.0.11\bin\java.dll
Event: 0.082 Loaded shared library C:\Program Files\Java\jdk-21.0.11\bin\jsvml.dll
Event: 0.154 Loaded shared library C:\Program Files\Java\jdk-21.0.11\bin\zip.dll
Event: 0.159 Loaded shared library C:\Program Files\Java\jdk-21.0.11\bin\instrument.dll
Event: 0.165 Loaded shared library C:\Program Files\Java\jdk-21.0.11\bin\net.dll
Event: 0.168 Loaded shared library C:\Program Files\Java\jdk-21.0.11\bin\nio.dll
Event: 0.173 Loaded shared library C:\Program Files\Java\jdk-21.0.11\bin\zip.dll
Event: 0.663 Loaded shared library C:\Program Files\Java\jdk-21.0.11\bin\jimage.dll
Event: 1.087 Loaded shared library C:\Program Files\Java\jdk-21.0.11\bin\verify.dll
Event: 1.253 Loaded shared library C:\Users\Administrator\.gradle\native\1def1411415f61bf3af743bc5b6707747c0891f09f0c88961ee8f79bc544acac\windows-amd64\native-platform.dll
Event: 1.309 Loaded shared library C:\Users\Administrator\.gradle\native\0.2.7\x86_64-windows-gnu\gradle-fileevents.dll
Event: 3.637 Loaded shared library C:\Program Files\Java\jdk-21.0.11\bin\management.dll
Event: 3.642 Loaded shared library C:\Program Files\Java\jdk-21.0.11\bin\management_ext.dll
Event: 3.891 Loaded shared library C:\Program Files\Java\jdk-21.0.11\bin\extnet.dll
Event: 4.295 Loaded shared library C:\Program Files\Java\jdk-21.0.11\bin\sunmscapi.dll

Deoptimization events (20 events):
Event: 37.698 Thread 0x00000225f7f20b10 DEOPT PACKING pc=0x00000225a2d3d09c sp=0x0000005c03bf8700
Event: 37.698 Thread 0x00000225f7f20b10 DEOPT UNPACKING pc=0x00000225a214469c sp=0x0000005c03bf8690 mode 2
Event: 37.698 Thread 0x00000225f7f20b10 Uncommon trap: trap_request=0xffffffde fr.pc=0x00000225a2d463bc relative=0x00000000000002fc
Event: 37.698 Thread 0x00000225f7f20b10 Uncommon trap: reason=class_check action=maybe_recompile pc=0x00000225a2d463bc method=kotlinx.coroutines.JobKt__JobKt.invokeOnCompletion(Lkotlinx/coroutines/Job;ZLkotlinx/coroutines/JobNode;)Lkotlinx/coroutines/DisposableHandle; @ 1 c2
Event: 37.698 Thread 0x00000225f7f20b10 DEOPT PACKING pc=0x00000225a2d463bc sp=0x0000005c03bf8650
Event: 37.698 Thread 0x00000225f7f20b10 DEOPT UNPACKING pc=0x00000225a214469c sp=0x0000005c03bf84d0 mode 2
Event: 37.698 Thread 0x00000225f7f20b10 Uncommon trap: trap_request=0xffffffde fr.pc=0x00000225a2d43548 relative=0x00000000000000a8
Event: 37.698 Thread 0x00000225f7f20b10 Uncommon trap: reason=class_check action=maybe_recompile pc=0x00000225a2d43548 method=kotlinx.coroutines.internal.LockFreeLinkedListNode.correctPrev()Lkotlinx/coroutines/internal/LockFreeLinkedListNode; @ 9 c2
Event: 37.698 Thread 0x00000225f7f20b10 DEOPT PACKING pc=0x00000225a2d43548 sp=0x0000005c03bf8c40
Event: 37.698 Thread 0x00000225f7f20b10 DEOPT UNPACKING pc=0x00000225a214469c sp=0x0000005c03bf8bc0 mode 2
Event: 37.698 Thread 0x00000225f7f20b10 Uncommon trap: trap_request=0xffffffde fr.pc=0x00000225a2d446e0 relative=0x0000000000000580
Event: 37.698 Thread 0x00000225f7f20b10 Uncommon trap: reason=class_check action=maybe_recompile pc=0x00000225a2d446e0 method=kotlinx.coroutines.internal.LockFreeLinkedListNode.finishAdd(Lkotlinx/coroutines/internal/LockFreeLinkedListNode;)V @ 11 c2
Event: 37.698 Thread 0x00000225f7f20b10 DEOPT PACKING pc=0x00000225a2d446e0 sp=0x0000005c03bf8c10
Event: 37.698 Thread 0x00000225f7f20b10 DEOPT UNPACKING pc=0x00000225a214469c sp=0x0000005c03bf8b50 mode 2
Event: 37.700 Thread 0x00000225f7f20b10 Uncommon trap: trap_request=0xffffffde fr.pc=0x00000225a2d463bc relative=0x00000000000002fc
Event: 37.700 Thread 0x00000225f7f20b10 Uncommon trap: reason=class_check action=maybe_recompile pc=0x00000225a2d463bc method=kotlinx.coroutines.JobKt__JobKt.invokeOnCompletion(Lkotlinx/coroutines/Job;ZLkotlinx/coroutines/JobNode;)Lkotlinx/coroutines/DisposableHandle; @ 1 c2
Event: 37.700 Thread 0x00000225f7f20b10 DEOPT PACKING pc=0x00000225a2d463bc sp=0x0000005c03bf8650
Event: 37.700 Thread 0x00000225f7f20b10 DEOPT UNPACKING pc=0x00000225a214469c sp=0x0000005c03bf84d0 mode 2
Event: 37.899 Thread 0x00000225f7f20b10 DEOPT PACKING pc=0x000002259bdda9ae sp=0x0000005c03bf87c0
Event: 37.899 Thread 0x00000225f7f20b10 DEOPT UNPACKING pc=0x00000225a2144e23 sp=0x0000005c03bf7ca8 mode 0

Classes loaded (20 events):
Event: 24.689 Loading class java/time/format/DateTimeParseException
Event: 24.692 Loading class java/time/format/DateTimeParseException done
Event: 24.865 Loading class java/io/CharArrayWriter
Event: 24.866 Loading class java/io/CharArrayWriter done
Event: 24.894 Loading class java/io/SequenceInputStream
Event: 24.895 Loading class java/io/SequenceInputStream done
Event: 24.909 Loading class java/util/function/IntUnaryOperator
Event: 24.909 Loading class java/util/function/IntUnaryOperator done
Event: 25.058 Loading class java/util/Collections$UnmodifiableSortedMap
Event: 25.058 Loading class java/util/Collections$UnmodifiableSortedMap done
Event: 29.388 Loading class sun/security/ssl/Alert
Event: 29.390 Loading class sun/security/ssl/Alert done
Event: 29.391 Loading class sun/security/ssl/Alert$AlertConsumer
Event: 29.393 Loading class sun/security/ssl/Alert$AlertConsumer done
Event: 29.393 Loading class sun/security/ssl/Alert$Level
Event: 29.394 Loading class sun/security/ssl/Alert$Level done
Event: 29.402 Loading class java/net/SocketTimeoutException
Event: 29.403 Loading class java/net/SocketTimeoutException done
Event: 37.527 Loading class java/util/stream/StreamSpliterators$DelegatingSpliterator
Event: 37.528 Loading class java/util/stream/StreamSpliterators$DelegatingSpliterator done

Classes unloaded (0 events):
No events

Classes redefined (0 events):
No events

Internal exceptions (20 events):
Event: 24.201 Thread 0x00000225f7f20b10 Exception <a 'java/lang/NoSuchMethodError'{0x0000000704c12320}: 'java.lang.Object java.lang.invoke.DirectMethodHandle$Holder.invokeStaticInit(java.lang.Object, java.lang.Object, java.lang.Object, java.lang.Object, java.lang.Object)'> (0x0000000704c12320) 
thrown [s\open\src\hotspot\share\interpreter\linkResolver.cpp, line 773]
Event: 24.202 Thread 0x00000225f7f20b10 Exception <a 'java/lang/NoSuchMethodError'{0x0000000704c16e88}: 'java.lang.Object java.lang.invoke.Invokers$Holder.invoke_MT(java.lang.Object, java.lang.Object, java.lang.Object, java.lang.Object, java.lang.Object, java.lang.Object)'> (0x0000000704c16e88) 
thrown [s\open\src\hotspot\share\interpreter\linkResolver.cpp, line 773]
Event: 24.204 Thread 0x00000225f7f20b10 Exception <a 'java/lang/NoSuchMethodError'{0x0000000704c1fb60}: 'int java.lang.invoke.DirectMethodHandle$Holder.invokeStaticInit(java.lang.Object, int)'> (0x0000000704c1fb60) 
thrown [s\open\src\hotspot\share\interpreter\linkResolver.cpp, line 773]
Event: 24.205 Thread 0x00000225f7f20b10 Exception <a 'java/lang/NoSuchMethodError'{0x0000000704c280e0}: 'int java.lang.invoke.DirectMethodHandle$Holder.invokeStaticInit(java.lang.Object, java.lang.Object, java.lang.Object, java.lang.Object, java.lang.Object, java.lang.Object)'> (0x0000000704c280e0) 
thrown [s\open\src\hotspot\share\interpreter\linkResolver.cpp, line 773]
Event: 24.211 Thread 0x00000225f7f20b10 Exception <a 'java/lang/NoSuchMethodError'{0x0000000704c3fae0}: 'java.lang.Object java.lang.invoke.DirectMethodHandle$Holder.invokeStatic(java.lang.Object, int, java.lang.Object, java.lang.Object)'> (0x0000000704c3fae0) 
thrown [s\open\src\hotspot\share\interpreter\linkResolver.cpp, line 773]
Event: 24.211 Thread 0x00000225f7f20b10 Exception <a 'java/lang/NoSuchMethodError'{0x0000000704c449c8}: 'java.lang.Object java.lang.invoke.DirectMethodHandle$Holder.invokeSpecial(java.lang.Object, java.lang.Object, int, java.lang.Object, java.lang.Object)'> (0x0000000704c449c8) 
thrown [s\open\src\hotspot\share\interpreter\linkResolver.cpp, line 773]
Event: 24.212 Thread 0x00000225f7f20b10 Exception <a 'java/lang/NoSuchMethodError'{0x0000000704c49370}: 'java.lang.Object java.lang.invoke.DelegatingMethodHandle$Holder.delegate(java.lang.Object, int, java.lang.Object, java.lang.Object)'> (0x0000000704c49370) 
thrown [s\open\src\hotspot\share\interpreter\linkResolver.cpp, line 773]
Event: 24.214 Thread 0x00000225f7f20b10 Implicit null exception at 0x00000225a26dec85 to 0x00000225a26df01c
Event: 24.217 Thread 0x00000225f7f20b10 Implicit null exception at 0x00000225a2859df7 to 0x00000225a2859ec8
Event: 24.219 Thread 0x00000225f7f20b10 Exception <a 'java/lang/NoSuchMethodError'{0x0000000704c79a18}: 'int java.lang.invoke.DirectMethodHandle$Holder.invokeSpecial(java.lang.Object, java.lang.Object, int, int)'> (0x0000000704c79a18) 
thrown [s\open\src\hotspot\share\interpreter\linkResolver.cpp, line 773]
Event: 24.220 Thread 0x00000225f7f20b10 Exception <a 'java/lang/NoSuchMethodError'{0x0000000704c81848}: 'int java.lang.invoke.DirectMethodHandle$Holder.invokeSpecial(java.lang.Object, java.lang.Object, int)'> (0x0000000704c81848) 
thrown [s\open\src\hotspot\share\interpreter\linkResolver.cpp, line 773]
Event: 24.221 Thread 0x00000225f7f20b10 Exception <a 'java/lang/NoSuchMethodError'{0x0000000704c8a198}: 'int java.lang.invoke.Invokers$Holder.linkToTargetMethod(java.lang.Object, int, java.lang.Object)'> (0x0000000704c8a198) 
thrown [s\open\src\hotspot\share\interpreter\linkResolver.cpp, line 773]
Event: 24.482 Thread 0x00000225f7f20b10 Exception <a 'sun/nio/fs/WindowsException'{0x00000007072bf0a8}> (0x00000007072bf0a8) 
thrown [s\open\src\hotspot\share\prims\jni.cpp, line 520]
Event: 24.768 Thread 0x00000225f7f20b10 Exception <a 'java/lang/ClassNotFoundException'{0x00000007064a8488}: xyz/wagyourtail/unimined/mapping/formats/FormatReaderSettingsBeanInfo> (0x00000007064a8488) 
thrown [s\open\src\hotspot\share\classfile\systemDictionary.cpp, line 313]
Event: 24.768 Thread 0x00000225f7f20b10 Exception <a 'java/lang/ClassNotFoundException'{0x00000007064b3da8}: xyz/wagyourtail/unimined/mapping/formats/FormatReaderSettingsCustomizer> (0x00000007064b3da8) 
thrown [s\open\src\hotspot\share\classfile\systemDictionary.cpp, line 313]
Event: 25.033 Thread 0x00000225f7f20b10 Exception <a 'java/lang/NoSuchMethodError'{0x0000000705d3c510}: 'long java.lang.invoke.DirectMethodHandle$Holder.invokeVirtual(java.lang.Object, java.lang.Object)'> (0x0000000705d3c510) 
thrown [s\open\src\hotspot\share\interpreter\linkResolver.cpp, line 773]
Event: 25.599 Thread 0x00000225f7f20b10 Exception <a 'sun/nio/fs/WindowsException'{0x00000007065909a8}> (0x00000007065909a8) 
thrown [s\open\src\hotspot\share\prims\jni.cpp, line 520]
Event: 25.599 Thread 0x00000225f7f20b10 Exception <a 'sun/nio/fs/WindowsException'{0x0000000706591e10}> (0x0000000706591e10) 
thrown [s\open\src\hotspot\share\prims\jni.cpp, line 520]
Event: 29.395 Thread 0x00000225faa36c00 Implicit null exception at 0x00000225a2abaf8b to 0x00000225a2abb064
Event: 30.523 Thread 0x00000225f7f20b10 Implicit null exception at 0x00000225a2868c81 to 0x00000225a28691af

ZGC Phase Switch (0 events):
No events

VM Operations (20 events):
Event: 31.518 Executing VM operation: Cleanup done
Event: 32.473 Executing VM operation: G1CollectForAllocation (G1 Evacuation Pause)
Event: 32.835 Executing VM operation: G1CollectForAllocation (G1 Evacuation Pause) done
Event: 33.800 Executing VM operation: G1CollectForAllocation (G1 Evacuation Pause)
Event: 34.033 Executing VM operation: G1CollectForAllocation (G1 Evacuation Pause) done
Event: 34.268 Executing VM operation: HandshakeAllThreads (Deoptimize)
Event: 34.269 Executing VM operation: HandshakeAllThreads (Deoptimize) done
Event: 35.287 Executing VM operation: Cleanup
Event: 35.287 Executing VM operation: Cleanup done
Event: 35.327 Executing VM operation: G1PauseRemark
Event: 35.339 Executing VM operation: G1PauseRemark done
Event: 36.109 Executing VM operation: G1PauseCleanup
Event: 36.110 Executing VM operation: G1PauseCleanup done
Event: 36.150 Executing VM operation: G1CollectForAllocation (G1 Evacuation Pause)
Event: 36.336 Executing VM operation: G1CollectForAllocation (G1 Evacuation Pause) done
Event: 36.923 Executing VM operation: G1CollectForAllocation (G1 Evacuation Pause)
Event: 37.004 Executing VM operation: G1CollectForAllocation (G1 Evacuation Pause) done
Event: 37.991 Executing VM operation: ICBufferFull
Event: 37.991 Executing VM operation: ICBufferFull done
Event: 38.127 Executing VM operation: G1CollectForAllocation (G1 Evacuation Pause)

Events (20 events):
Event: 35.337 Thread 0x00000225f212b230 flushing nmethod 0x000002259ae7e890
Event: 35.337 Thread 0x00000225f212b230 flushing nmethod 0x000002259afb4e10
Event: 35.337 Thread 0x00000225f212b230 flushing nmethod 0x000002259afd0890
Event: 35.337 Thread 0x00000225f212b230 flushing nmethod 0x000002259b0e1610
Event: 35.337 Thread 0x00000225f212b230 flushing nmethod 0x000002259b158210
Event: 35.337 Thread 0x00000225f212b230 flushing nmethod 0x000002259b27a810
Event: 35.337 Thread 0x00000225f212b230 flushing nmethod 0x000002259b540d90
Event: 35.337 Thread 0x00000225f212b230 flushing nmethod 0x000002259b543010
Event: 35.337 Thread 0x00000225f212b230 flushing nmethod 0x000002259b5c5810
Event: 35.337 Thread 0x00000225f212b230 flushing nmethod 0x000002259b5c5b90
Event: 35.337 Thread 0x00000225f212b230 flushing nmethod 0x000002259b5c6410
Event: 35.337 Thread 0x00000225f212b230 flushing nmethod 0x000002259b66f410
Event: 35.337 Thread 0x00000225f212b230 flushing nmethod 0x000002259b884a90
Event: 35.337 Thread 0x00000225f212b230 flushing nmethod 0x000002259b8d1a10
Event: 35.337 Thread 0x00000225f212b230 flushing nmethod 0x000002259bb75490
Event: 35.337 Thread 0x00000225f212b230 flushing nmethod 0x000002259bb79190
Event: 35.337 Thread 0x00000225f212b230 flushing nmethod 0x000002259bb7b810
Event: 35.337 Thread 0x00000225f212b230 flushing nmethod 0x000002259bb81010
Event: 35.423 Thread 0x00000225f9580100 Thread exited: 0x00000225f9580100
Event: 35.500 Thread 0x00000225f934bcf0 Thread added: 0x00000225f934bcf0


Dynamic libraries:
0x00007ff70af50000 - 0x00007ff70af60000 	C:\Program Files\Java\jdk-21.0.11\bin\java.exe
0x00007ffbc4ed0000 - 0x00007ffbc50c8000 	C:\Windows\SYSTEM32\ntdll.dll
0x00007ffbc3ea0000 - 0x00007ffbc3f62000 	C:\Windows\System32\KERNEL32.DLL
0x00007ffbc2b10000 - 0x00007ffbc2e06000 	C:\Windows\System32\KERNELBASE.dll
0x00007ffbc2560000 - 0x00007ffbc2660000 	C:\Windows\System32\ucrtbase.dll
0x00007ffbbb400000 - 0x00007ffbbb419000 	C:\Program Files\Java\jdk-21.0.11\bin\jli.dll
0x00007ffbc3f70000 - 0x00007ffbc4021000 	C:\Windows\System32\ADVAPI32.dll
0x00007ffbc4350000 - 0x00007ffbc43ee000 	C:\Windows\System32\msvcrt.dll
0x00007ffbc4790000 - 0x00007ffbc482f000 	C:\Windows\System32\sechost.dll
0x00007ffbc43f0000 - 0x00007ffbc4510000 	C:\Windows\System32\RPCRT4.dll
0x00007ffbc2980000 - 0x00007ffbc29a7000 	C:\Windows\System32\bcrypt.dll
0x00007ffbc4ce0000 - 0x00007ffbc4e81000 	C:\Windows\System32\USER32.dll
0x00007ffbc2660000 - 0x00007ffbc2682000 	C:\Windows\System32\win32u.dll
0x00007ffbc4510000 - 0x00007ffbc453b000 	C:\Windows\System32\GDI32.dll
0x00007ffbc2730000 - 0x00007ffbc2849000 	C:\Windows\System32\gdi32full.dll
0x00007ffbc2690000 - 0x00007ffbc272d000 	C:\Windows\System32\msvcp_win.dll
0x00007ffbb2790000 - 0x00007ffbb27ae000 	C:\Program Files\Java\jdk-21.0.11\bin\VCRUNTIME140.dll
0x00007ffbb77e0000 - 0x00007ffbb7a7b000 	C:\Windows\WinSxS\amd64_microsoft.windows.common-controls_6595b64144ccf1df_6.0.19041.6456_none_60b8a6cb71f64256\COMCTL32.dll
0x00007ffbb8ea0000 - 0x00007ffbb8eaa000 	C:\Windows\SYSTEM32\VERSION.dll
0x00007ffbc3940000 - 0x00007ffbc396f000 	C:\Windows\System32\IMM32.DLL
0x00007ffbbd840000 - 0x00007ffbbd84c000 	C:\Program Files\Java\jdk-21.0.11\bin\vcruntime140_1.dll
0x00007ffba9290000 - 0x00007ffba931d000 	C:\Program Files\Java\jdk-21.0.11\bin\msvcp140.dll
0x00007ffb7ccc0000 - 0x00007ffb7d9e8000 	C:\Program Files\Java\jdk-21.0.11\bin\server\jvm.dll
0x00007ffbc3020000 - 0x00007ffbc308b000 	C:\Windows\System32\WS2_32.dll
0x00007ffbc23c0000 - 0x00007ffbc240b000 	C:\Windows\SYSTEM32\POWRPROF.dll
0x00007ffbb7750000 - 0x00007ffbb7777000 	C:\Windows\SYSTEM32\WINMM.dll
0x00007ffbc23a0000 - 0x00007ffbc23b2000 	C:\Windows\SYSTEM32\UMPDC.dll
0x00007ffbc03f0000 - 0x00007ffbc0402000 	C:\Windows\SYSTEM32\kernel.appcore.dll
0x00007ffbb2780000 - 0x00007ffbb278a000 	C:\Program Files\Java\jdk-21.0.11\bin\jimage.dll
0x00007ffbbc310000 - 0x00007ffbbc511000 	C:\Windows\SYSTEM32\DBGHELP.DLL
0x00007ffbbc200000 - 0x00007ffbbc234000 	C:\Windows\SYSTEM32\dbgcore.DLL
0x00007ffbc2e60000 - 0x00007ffbc2ee2000 	C:\Windows\System32\bcryptPrimitives.dll
0x00007ffbae6a0000 - 0x00007ffbae6b0000 	C:\Program Files\Java\jdk-21.0.11\bin\instrument.dll
0x00007ffbaeaf0000 - 0x00007ffbaeb11000 	C:\Program Files\Java\jdk-21.0.11\bin\java.dll
0x00007ffbc31d0000 - 0x00007ffbc3940000 	C:\Windows\System32\SHELL32.dll
0x00007ffbc05f0000 - 0x00007ffbc0d95000 	C:\Windows\SYSTEM32\windows.storage.dll
0x00007ffbc4860000 - 0x00007ffbc4bb4000 	C:\Windows\System32\combase.dll
0x00007ffbc1eb0000 - 0x00007ffbc1edb000 	C:\Windows\SYSTEM32\Wldp.dll
0x00007ffbc2f50000 - 0x00007ffbc301d000 	C:\Windows\System32\OLEAUT32.dll
0x00007ffbc4160000 - 0x00007ffbc420d000 	C:\Windows\System32\SHCORE.dll
0x00007ffbc2ef0000 - 0x00007ffbc2f4b000 	C:\Windows\System32\shlwapi.dll
0x00007ffbc2490000 - 0x00007ffbc24b4000 	C:\Windows\SYSTEM32\profapi.dll
0x00007ffba91b0000 - 0x00007ffba9287000 	C:\Program Files\Java\jdk-21.0.11\bin\jsvml.dll
0x00007ffbae840000 - 0x00007ffbae858000 	C:\Program Files\Java\jdk-21.0.11\bin\zip.dll
0x00007ffbaeec0000 - 0x00007ffbaeed1000 	C:\Program Files\Java\jdk-21.0.11\bin\net.dll
0x00007ffbb9640000 - 0x00007ffbb974a000 	C:\Windows\SYSTEM32\WINHTTP.dll
0x00007ffbc1c10000 - 0x00007ffbc1c7a000 	C:\Windows\system32\mswsock.dll
0x00007ffbaec50000 - 0x00007ffbaec66000 	C:\Program Files\Java\jdk-21.0.11\bin\nio.dll
0x00007ffbaede0000 - 0x00007ffbaedf0000 	C:\Program Files\Java\jdk-21.0.11\bin\verify.dll
0x00007ffbab360000 - 0x00007ffbab387000 	C:\Users\Administrator\.gradle\native\1def1411415f61bf3af743bc5b6707747c0891f09f0c88961ee8f79bc544acac\windows-amd64\native-platform.dll
0x00007ffba9130000 - 0x00007ffba91a8000 	C:\Users\Administrator\.gradle\native\0.2.7\x86_64-windows-gnu\gradle-fileevents.dll
0x00007ffbae910000 - 0x00007ffbae91a000 	C:\Program Files\Java\jdk-21.0.11\bin\management.dll
0x00007ffbae830000 - 0x00007ffbae83c000 	C:\Program Files\Java\jdk-21.0.11\bin\management_ext.dll
0x00007ffbc4850000 - 0x00007ffbc4858000 	C:\Windows\System32\PSAPI.DLL
0x00007ffbc18f0000 - 0x00007ffbc192b000 	C:\Windows\SYSTEM32\IPHLPAPI.DLL
0x00007ffbc4210000 - 0x00007ffbc4218000 	C:\Windows\System32\NSI.dll
0x00007ffbae6b0000 - 0x00007ffbae6b9000 	C:\Program Files\Java\jdk-21.0.11\bin\extnet.dll
0x00007ffbc1e00000 - 0x00007ffbc1e18000 	C:\Windows\SYSTEM32\CRYPTSP.dll
0x00007ffbc1530000 - 0x00007ffbc1568000 	C:\Windows\system32\rsaenh.dll
0x00007ffbc2410000 - 0x00007ffbc243e000 	C:\Windows\SYSTEM32\USERENV.dll
0x00007ffbc1e20000 - 0x00007ffbc1e2c000 	C:\Windows\SYSTEM32\CRYPTBASE.dll
0x00007ffbae190000 - 0x00007ffbae19e000 	C:\Program Files\Java\jdk-21.0.11\bin\sunmscapi.dll
0x00007ffbc29b0000 - 0x00007ffbc2b0d000 	C:\Windows\System32\CRYPT32.dll
0x00007ffbc1f20000 - 0x00007ffbc1f47000 	C:\Windows\SYSTEM32\ncrypt.dll
0x00007ffbc1ee0000 - 0x00007ffbc1f1b000 	C:\Windows\SYSTEM32\NTASN1.dll
0x00007ffbaed30000 - 0x00007ffbaed37000 	C:\Windows\system32\wshunix.dll
0x00007ffbc1930000 - 0x00007ffbc19fa000 	C:\Windows\SYSTEM32\DNSAPI.dll
0x00007ffbb8b30000 - 0x00007ffbb8b3a000 	C:\Windows\System32\rasadhlp.dll
0x00007ffbb9370000 - 0x00007ffbb93f0000 	C:\Windows\System32\fwpuclnt.dll

dbghelp: loaded successfully - version: 4.0.5 - missing functions: none
symbol engine: initialized successfully - sym options: 0x614 - pdb path: .;C:\Program Files\Java\jdk-21.0.11\bin;C:\Windows\SYSTEM32;C:\Windows\WinSxS\amd64_microsoft.windows.common-controls_6595b64144ccf1df_6.0.19041.6456_none_60b8a6cb71f64256;C:\Program Files\Java\jdk-21.0.11\bin\server;C:\Users\Administrator\.gradle\native\1def1411415f61bf3af743bc5b6707747c0891f09f0c88961ee8f79bc544acac\windows-amd64;C:\Users\Administrator\.gradle\native\0.2.7\x86_64-windows-gnu

VM Arguments:
jvm_args: --add-opens=java.base/java.lang=ALL-UNNAMED --add-opens=java.base/java.lang.invoke=ALL-UNNAMED --add-opens=java.base/java.util=ALL-UNNAMED --add-opens=java.prefs/java.util.prefs=ALL-UNNAMED --add-exports=jdk.compiler/com.sun.tools.javac.api=ALL-UNNAMED --add-exports=jdk.compiler/com.sun.tools.javac.util=ALL-UNNAMED --add-opens=java.base/java.util=ALL-UNNAMED --add-opens=java.prefs/java.util.prefs=ALL-UNNAMED --add-opens=java.base/java.nio.charset=ALL-UNNAMED --add-opens=java.base/java.net=ALL-UNNAMED --add-opens=java.base/java.util.concurrent.atomic=ALL-UNNAMED --add-opens=java.xml/javax.xml.namespace=ALL-UNNAMED -XX:+UseG1GC -Xmx4G -Dfile.encoding=UTF-8 -Duser.country=US -Duser.language=en -Duser.variant -javaagent:C:\Users\Administrator\.gradle\wrapper\dists\gradle-8.14.4-bin\92wwslzcyst3phie3o264zltu\gradle-8.14.4\lib\agents\gradle-instrumentation-agent-8.14.4.jar 
java_command: org.gradle.launcher.daemon.bootstrap.GradleDaemon 8.14.4
java_class_path (initial): C:\Users\Administrator\.gradle\wrapper\dists\gradle-8.14.4-bin\92wwslzcyst3phie3o264zltu\gradle-8.14.4\lib\gradle-daemon-main-8.14.4.jar
Launcher Type: SUN_STANDARD

[Global flags]
     intx CICompilerCount                          = 3                                         {product} {ergonomic}
     uint ConcGCThreads                            = 1                                         {product} {ergonomic}
     uint G1ConcRefinementThreads                  = 4                                         {product} {ergonomic}
   size_t G1HeapRegionSize                         = 2097152                                   {product} {ergonomic}
    uintx GCDrainStackTargetSize                   = 64                                        {product} {ergonomic}
   size_t InitialHeapSize                          = 67108864                                  {product} {ergonomic}
   size_t MarkStackSize                            = 4194304                                   {product} {ergonomic}
   size_t MaxHeapSize                              = 4294967296                                {product} {command line}
   size_t MaxNewSize                               = 2575302656                                {product} {ergonomic}
   size_t MinHeapDeltaBytes                        = 2097152                                   {product} {ergonomic}
   size_t MinHeapSize                              = 8388608                                   {product} {ergonomic}
    uintx NonNMethodCodeHeapSize                   = 5832780                                {pd product} {ergonomic}
    uintx NonProfiledCodeHeapSize                  = 122912730                              {pd product} {ergonomic}
    uintx ProfiledCodeHeapSize                     = 122912730                              {pd product} {ergonomic}
    uintx ReservedCodeCacheSize                    = 251658240                              {pd product} {ergonomic}
     bool SegmentedCodeCache                       = true                                      {product} {ergonomic}
   size_t SoftMaxHeapSize                          = 4294967296                             {manageable} {ergonomic}
     bool UseCompressedOops                        = true                           {product lp64_product} {ergonomic}
     bool UseG1GC                                  = true                                      {product} {command line}
     bool UseLargePagesIndividualAllocation        = false                                  {pd product} {ergonomic}

Logging:
Log output configuration:
 #0: stdout all=warning uptime,level,tags foldmultilines=false
 #1: stderr all=off uptime,level,tags foldmultilines=false

Environment Variables:
PATH=C:\Program Files\Common Files\Oracle\Java\javapath;C:\Program Files (x86)\Common Files\Oracle\Java\java8path;C:\Program Files (x86)\Common Files\Oracle\Java\javapath;C:\Windows\system32;C:\Windows;C:\Windows\System32\Wbem;C:\Windows\System32\WindowsPowerShell\v1.0\;C:\Windows\System32\OpenSSH\;C:\Program Files\nodejs\;C:\Users\Administrator\AppData\Local\Microsoft\WindowsApps;C:\Users\Administrator\AppData\Roaming\npm
USERNAME=Administrator
OS=Windows_NT
PROCESSOR_IDENTIFIER=Intel64 Family 15 Model 6 Stepping 1, GenuineIntel
TMP=C:\Users\ADMINI~1\AppData\Local\Temp
TEMP=C:\Users\ADMINI~1\AppData\Local\Temp




Periodic native trim disabled

---------------  S Y S T E M  ---------------

OS:
 Windows 10 , 64 bit Build 19041 (10.0.19041.5915)
OS uptime: 2 days 13:37 hours
KVM virtualization detected

CPU: total 4 (initial active 4) (4 cores per cpu, 1 threads per core) family 15 model 6 stepping 1 microcode 0x1, cx8, cmov, fxsr, mmx, sse, sse2, sse3, tsc, clflush, hv
Processor Information for all 4 processors :
  Max Mhz: 2300, Current Mhz: 2300, Mhz Limit: 2300

Memory: 4k page, system-wide physical 4095M (1317M free)
TotalPageFile size 9208M (AvailPageFile size 1087M)
current process WorkingSet (physical memory assigned to process): 1294M, peak: 1298M
current process commit charge ("private bytes"): 1336M, peak: 2558M

vm_info: Java HotSpot(TM) 64-Bit Server VM (21.0.11+9-LTS-211) for windows-amd64 JRE (21.0.11+9-LTS-211), built on 2026-03-11T00:23:15Z by "mach5run" with MS VC++ 17.13 (VS2022)

END.
